:0400000081EF00F09C
:10000800FA7DFA7DFA7DFA7D4000FA7D4000FA7D9E
:10001800FA7DFA7DFA7DFA7DFA7DFA7DFA7DFA7D20
:10002800FA7D400040004000FA7DFA7DFA7DFA7DB5
:10003800FA7DFA7DFA7DFA7DFA7DFA7DFA7D9A7865
:10004800FA7DFA7DFA7DFA7D40004000FA7DFA7D5E
:10005800FA7DFA7DFA7D4000FA7DFA7DFA7DFA7D17
:10006800FA7DFA7DFA7DFA7DFA7DFA7DFA7DFA7DD0
:10007800FA7DFA7DFA7DFA7D4000FA7DFA7DFA7DF7
:10008800FA7DFA7DFA7DFA7DFA7DFA7DFA7DFA7DB0
:100098008A77FA7DFA7DFA7D4000FA7D40004000BB
:1000A800FA7DFA7DFA7DFA7DFA7DFA7DFA7DFA7D90
:1000B800FA7DFA7DFA7DFA7DFA7DFA7DFA7DFA7D80
:1000C800FA7DFA7DFA7DFA7DFA7DFA7DFA7DFA7D70
:1000D800FA7DFA7DFA7DFA7DFA7DFA7DFA7DFA7D60
:1000E8004000FA7DFA7DFA7D400040004000400063
:0E00F800FA7DFA7DFA7DFA7DFF009DEFF0F0B3
:10F60600001F001C001F001E001F001E001F001F01
:10F61600001E001F001E001F00819FE0FC407E8030
:10F62600FC0000534420436172643A2072656164B1
:10F636003531323A20435243206572726F72202868
:10F646002530347820213D20253034782C207265F1
:10F656007472793D2564290A0D00496D616765203C
:10F6660066696C652025732F445249564525632EDD
:10F6760044534B2069732061737369676E65642018
:10F68600746F2064726976652025630A0D006469CB
:10F69600736B5F696F63746C3A20706472763D2594
:10F6A600642C20636D643D25642C20627566663D7E
:10F6B6003078256C783A207265733D25640A0D0012
:10F6C600534420436172643A202072656164353187
:10F6D600323A20616464723D25386C642C206F6672
:10F6E60066733D25642C20636F756E743D25640A30
:10F6F6000D00534420436172643A20777269746541
:10F706003531323A20616464723D25386C642C20B0
:10F716006F6666733D25642C20636F756E743D2598
:10F72600640A0D00534420436172643A207772697B
:10F7360074653531323A206661696C656420746F90
:10F746002067657420746F6B656E2C2074696D6517
:10F756006F75740A0D00534420436172643A207732
:10F76600726974653531323A2074696D656F7574E6
:10F776002C20726573706F6E736520697320253057
:10F7860032780A0D00534420436172643A20434D97
:10F796004435382C2052333D2530327820253032FE
:10F7A600782025303278202530327820253032787E
:10F7B6000A0D0025733A204552524F523A20636C87
:10F7C6006F636B2073706565642025642069732000
:10F7D6006E6F7420737570706F727465640A0D00B5
:10F7E600534420436172643A20434D44382C2052DE
:10F7F600373D253032782025303278202530327852
:10F80600202530327820253032780A0D006469735D
:10F816006B5F696F63746C3A20706472763D256421
:10F826002C20636D643D25643A204E6F7420686118
:10F836006E646C65642E0A0D006469736B5F726595
:10F8460061643A2020706472763D25642C207365CD
:10F8560063746F723D256C642C20636F756E743D06
:10F8660025640A0D006469736B5F77726974653A83
:10F8760020706472763D25642C20736563746F7204
:10F886003D256C642C20636F756E743D25640A0DEE
:10F8960000534420436172643A2043435320284373
:10F8A6006172642043617061636974792053746185
:10F8B6007475732920697320300A0D005344204360
:10F8C6006172643A2077726974653531323A204341
:10F8D6005243206572726F72202872657472793D88
:10F8E6002564290A0D00534420436172643A20437B
:10F8F60061726420706F7765722075702073746111
:10F906007475732062697320697320300A0D007262
:10F91600656164204D425220706172746974696F2A
:10F926006E207461626C6520617420736563746F08
:10F936007220300A0D00534420436172643A20530A
:10F94600444843206F7220534458432063617264D5
:10F956002064657465637465640A0D0025733A2036
:10F966004552524F523A206D6F64652025642069D6
:10F9760073206E6F7420737570706F727465640A8D
:10F986000D004C6F6164202573203A20416472207B
:10F996003D202530366C782C2053697A65203D2031
:10F9A600253034780D0A00534420436172643A20AE
:10F9B600696E697469616C697A65202E2E2E2073D2
:10F9C60075636365656465640A0D0053442043618D
:10F9D60072643A20756E657870656374656420722A
:10F9E6006573706F6E736520253032780A0D00538B
:10F9F6004420436172643A2041434D4434312072BD
:10FA06006573706F6E736520697320253032780ACE
:10FA16000D00534420436172643A2077726974651D
:10FA26003531323A20746F6B656E2069732025304C
:10FA360032780A0D004D656D6F72792030303030A6
:10FA46003030202D202530366C5848202564204B38
:10FA560042204F4B0D0A00534420436172643A2002
:10FA6600434D44353920726573706F6E7365206936
:10FA76007320253032780A0D0070617274697469DA
:10FA86006F6E207374617274732061742073656382
:10FA9600746F7220256C640A0D00665F7772697454
:10FAA6006528293A204552524F52207265733D25EA
:10FAB600642C206E3D25640A0D00665F72656164E4
:10FAC60028293A204552524F52207265733D2564CB
:10FAD6002C206E3D25640A0D006661696C65642004
:10FAE600746F20777269746520736563746F722012
:10FAF600256C640A0D000D0A536574204461746513
:10FB060028253034642F253032642F25303264297D
:10FB16000D0A004465746563742025732F444953A8
:10FB26004B2E494D47202E2E2E204F4B0A0D006698
:10FB360061696C656420746F207265616420736509
:10FB460063746F7220256C640A0D004D455A363871
:10FB56004B385F52414D204669726D776172652060
:10FB6600526576322E31000A0D5344204361726489
:10FB76003A20696E697469616C697A65202E2E2E49
:10FB86000A0D00554E4B4E4F574E20756E696D6FE0
:10FB96006E20434D442825303278290D0A005365DE
:10FBA600742054696D6528253032643A25303264F4
:10FBB6003A25303264290D0A0050726F6772616D02
:10FBC6002046696C65204C6F6164204572726F72C5
:10FBD6002E0D0A004661696C656420746F206D6F96
:10FBE600756E7420534420436172642E0A0D0053CF
:10FBF6004420436172643A2041434D4434312C2001
:10FC060052313D253032780A0D006661696C6564B3
:10FC160020746F207265616420736563746F72204F
:10FC2600300A0D004661696C656420746F206F7040
:10FC3600656E20534420436172642E0A0D000A4DFE
:10FC4600656D6F7279206572726F722061742025FE
:10FC560030366C58480A0D006469736B5F696E69CB
:10FC66007469616C697A65282564292E2E2E0A0D21
:10FC76000044533133303720576974652049324385
:10FC8600206572726F72210D0A004E6F2025732057
:10FC96006469726563746F727920666F756E642E1F
:10FCA6000D0A00534420436172643A206E6F74203B
:10FCB6007375706F70727465640A0D005344204347
:10FCC6006172643A20434D44302C2052313D253038
:10FCD60032780A0D002020202020202020202020FD
:10FCE6002020202020202020202020200D007761A9
:10FCF600697420666F722070726F6772616D6D65D0
:10FD060072202E2E2E0D0025732535337320434881
:10FD160045434B53554D3A20253032780A0D004D58
:10FD2600656D6F727920303030303030202D2025CF
:10FD360030366C58480D004932432062757320698D
:10FD460073206E6F742065786973742E0A0D0070C7
:10FD56006879736963616C206472697665722021C3
:10FD66003D20300A0D004461746520253034642F2F
:10FD7600253032642F25303264203D200054696DD1
:10FD86006520253032643A253032643A25303264B3
:10FD9600203D20000A4D656D6F7279207772617083
:10FDA6002061726F756E642E0A0D00665F6C736556
:10FDB600656B28293A204552524F522025640A0D78
:10FDC60000447269766528256429204552524F52AF
:10FDD6002025640A0D00665F73796E6328293A2030
:10FDE6004552524F522025640A0D006E6F2046413F
:10FDF60054333220706172746974696F6E0A0D0033
:10FE0600303A544F442854696D65204F662044614A
:10FE160079290A0D00557365204E434F312025324E
:10FE26002E33664D487A0D0A006E6F204D425220E1
:10FE36007369676E61747572650A0D0044533133D8
:10FE4600303720525443206D6F64756C6520005323
:10FE56004420436172643A2074696D656F75740A53
:10FE66000D006E6F2076616C696420766F6C756D1F
:10FE7600650A0D00534420436172643A207265613D
:10FE860064792E0A0D005350495F53445F636F6EC9
:10FE9600666967757265004E6F20626F6F742064C5
:10FEA60069736B2E0A0D006973206E6F7420657876
:10FEB6006973742E0D0A0025732F44524956452541
:10FEC600632E44534B002A2B2C3A3B3C3D3E5B5D54
:10FED6007C223F7F00313A756E696D6F6E36386BE6
:10FEE6000A0D004E6F20534420436172643F0A0D91
:10FEF60000333A43502F4D2D36384B0A0D00323A17
:10FF0600626173696336386B0A0D00424153494397
:10FF160036384B2E42494E00554D4F4E5F36384BC4
:10FF26002E42494E0025732F4449534B2E494D47C7
:10FF3600000A0D53656C6563743A0A0D00426F61E1
:10FF460072643A2025730A0D004465746563742053
:10FF560025730A0D0043504D36384B2E42494E004C
:10FF6600343A46555A49580A0D004342494F532ED2
:10FF760042494E0046555A49582E42494E00657828
:10FF8600697374732E0D0A0025732530366C783A22
:10FF96000046415433322020200043504D444953FB
:10FFA6004B53002573253034783A004D4F4E2E4280
:10FFB600494E004F534449534B5300286E756C6CA1
:10FFC60029006275663A2000202530327800666185
:10FFD600743A200025732F257300303A2F2F0052D4
:10FFE600443A200057523A200053443A2000696EA2
:0AFFF60066006E616E003F200000FF
:020000040001F9
:1000000083C6D9F484C6DAF4DE6ADD6A81C604F5F3
:1000100082C605F55BECD2F004C592F605C593F6F1
:10002000060193BF18EF80F016EF80F01BEF80F011
:100030000B0E61EF85F0D8909235D96E9335DA6E5C
:10004000220ED926070EDA22DEC4ADF6DDC4AEF6E6
:10005000AD51AE11D8A42FEF80F031EF80F034EF26
:1000600080F00C0E61EF85F083C6D9F484C6DAF413
:10007000ADC6DEF4AEC6DDF48591ADC6D9F4AEC62C
:10008000DAF4DF50D8B447EF80F049EF80F070EF3A
:1000900080F020EE01F0AD51D926AE51DA22DF50CA
:1000A00030ECF3F00601A26FA2B159EF80F05BEFE4
:1000B00080F070EF80F08551D8B461EF80F063EF8D
:1000C00080F06DEF80F0A2A568EF80F06AEF80F01D
:1000D0006DEF80F00A0E61EF85F0000E61EF85F0A4
:1000E000ADC6D9F4AEC6DAF4DF6A20EE01F0AD5148
:1000F000D926AE51DA22DF501CECBEF00601A26F09
:10010000A2A185EF80F087EF80F08AEF80F0030EE8
:1001100061EF85F08551D8B490EF80F092EF80F0D8
:100120009BEF80F0A2A597EF80F099EF80F09BEF16
:1001300080F06AEF80F0ADC632F6AEC633F6000E40
:10014000356F000E346FC4ECC9F032C6ABF633C65F
:10015000ACF6040E0601AB19AC11D8A4B2EF80F0D6
:10016000B4EF80F0B7EF80F0010E61EF85F0AC5195
:1001700009E1020EAB5DD8A0C0EF80F0C2EF80F0C5
:10018000C5EF80F00D0E61EF85F020EE2CF0AD5143
:10019000D926AE51DA22DEC49EF6DEC49FF6DEC456
:1001A000A0F6DEC4A1F63B0EAD25046E000EAE2116
:1001B000056E42ECFAF0020E05180410D8B4E3EF15
:1001C00080F0E5EF80F0E7EF80F0C2EF80F0460EC0
:1001D0000601AD25046E000EAE21056E42ECFAF06C
:1001E00004C5A7F605C5A8F60601A96BAA6BA75119
:1001F000A811A911AA11D8A400EF81F002EF81F093
:1002000012EF81F0540EAD25046E000EAE21056E86
:10021000B2ECEBF004C5A7F605C5A8F606C5A9F62D
:1002200007C5AAF6060120EE18F0AD51D926AE5149
:10023000DA22A7C6DEF4A8C6DEF4A9C6DEF4AAC692
:10024000DEF420EE40F0AD51D926AE51DA2210EEA8
:1002500003F0AD51E126AE51E222DFC4E7F420EE17
:1002600003F0AD51D926AE51DA22DE04D8B43BEF0B
:1002700081F03DEF81F04EEF81F020EE03F0AD51C3
:10028000D926AE51DA22020EDE18D8B44AEF81F038
:100290004CEF81F04EEF81F0C2EF80F0A7C604F57D
:1002A000A8C605F5A9C606F5AAC607F520EE03F00F
:1002B000AD51D926AE51DA22DF50866F8651086ED5
:1002C000096A0A6A0B6A99ECF5F004C5A7F605C538
:1002D000A8F606C5A9F607C5AAF6060120EE3DF068
:1002E000AD51D926AE51DA22DF50866F876B20EEF2
:1002F0000AF0AD51D926AE51DA2286C6DEF487C6A1
:10030000DDF420EE0AF0AD51D926AE51DA22DE50EE
:10031000DE10D8B48EEF81F090EF81F0C2EF80F064
:1003200020EE0AF0AD51D926AE51DA22DEC486F6AF
:10033000DDC487F620EE0AF0AD51D926AE51DA229F
:10034000DEC488F6DDC489F6FF0E88258A6FFF0EAD
:1003500089218B6F86518A158C6F87518B158D6F14
:100360008C518D11D8B4B7EF81F0B9EF81F0BBEFAC
:1003700081F0C2EF80F0410EAD25046E000EAE217B
:10038000056E42ECFAF0060120EE08F0AD51D926D8
:10039000AE51DA2204C5DEF405C5DDF420EE08F026
:1003A000AD51D926AE51DA22DEC486F6DDC487F619
:1003B0000F0E8617000E871786518711D8B4E3EF0A
:1003C00081F0E5EF81F0E7EF81F0C2EF80F0430EBE
:1003D000AD25046E000EAE21056E42ECFAF004C5A8
:1003E0009AF605C59BF606019C6B9D6B9A519B1175
:1003F0009C119D11D8A4FFEF81F001EF82F011EF65
:1004000082F0500EAD25046E000EAE21056EB2ECEA
:10041000EBF004C59AF605C59BF606C59CF607C524
:100420009DF63E0E0601AD25046E000EAE21056E52
:1004300042ECFAF004C598F605C599F60601985104
:100440009911D8A426EF82F028EF82F02AEF82F0EB
:10045000C2EF80F020EE08F0AD51D926AE51DA227D
:10046000DEC486F6DDC487F6040E886FD890873325
:100470008633882F36EF82F098518625896F9951FF
:1004800087218A6F8B6BD8B08B2B8C6BA7518925FA
:10049000946FA8518A21956FA9518B21966FAA510B
:1004A0008C21976F94519A5D95519B5996519C5907
:1004B00097519D59D8B05FEF82F061EF82F063EF02
:1004C00082F0C2EF80F094519A5D046E95519B5971
:1004D000056E96519C59066E97519D59076E20EEF8
:1004E0000AF0AD51D926AE51DA22DEC486F6DDC45B
:1004F00087F686C608F587C609F50A6A0B6AC1EC55
:10050000EEF004C5A3F605C5A4F606C5A5F607C515
:10051000A6F60601A351A411A511A611D8A493EF24
:1005200082F095EF82F097EF82F0C2EF80F0000E3C
:10053000AC6F000EAB6FF60EA35DFF0EA459FF0E5D
:10054000A5590F0EA659D8B0A8EF82F0AAEF82F0F5
:10055000AEEF82F0000EAC6F030EAB6FA651A5118B
:1005600009E1F60EA35DFF0EA459D8B0BAEF82F0F0
:10057000BCEF82F0C0EF82F0000EAC6F020EAB6FEA
:10058000A651A51109E1F60EA35D0F0EA459D8B02E
:10059000CCEF82F0CEEF82F0D2EF82F0000EAC6FA3
:1005A000010EAB6FAB51AC11D8A4D9EF82F0DBEFE9
:1005B00082F0DDEF82F0C2EF80F0020EA325866F9D
:1005C000000EA421876F000EA521886F000EA621C2
:1005D000896F20EE14F0AD51D926AE51DA2286C6CD
:1005E000DEF487C6DEF488C6DEF489C6DEF420EECB
:1005F0001CF0AD51D926AE51DA229EC6DEF49FC65C
:10060000DEF4A0C6DEF4A1C6DEF498519E25866F06
:1006100099519F21876F000EA021886F000EA121A4
:10062000896F20EE20F0AD51D926AE51DA2286C670
:10063000DEF487C6DEF488C6DEF489C6DEF49451A3
:100640009E25866F95519F21876F9651A021886FB7
:100650009751A121896F20EE28F0AD51D926AE51D6
:10066000DA2286C6DEF487C6DEF488C6DEF489C6E2
:10067000DEF4030EAB19AC11D8A441EF83F043EFC5
:1006800083F0A0EF83F05A0EAD25046E000EAE216C
:10069000056E42ECFAF004500510D8B452EF83F026
:1006A00054EF83F056EF83F0C2EF80F0060120EEA6
:1006B00008F0AD51D926AE51DA22DE50DE10D8B4A2
:1006C00064EF83F066EF83F068EF83F0C2EF80F0B1
:1006D0005C0EAD25046E000EAE21056EB2ECEBF0A3
:1006E000060120EE24F0AD51D926AE51DA2204C520
:1006F000DEF405C5DEF406C5DEF407C5DEF420EE43
:1007000014F0AD51D926AE51DA22DEC486F6DEC42D
:1007100087F6DEC488F6DEC489F6020ED8908637E6
:10072000873788378937E82E8EEF83F086C68EF6B6
:1007300087C68FF688C690F689C691F640EF84F09A
:1007400020EE08F0AD51D926AE51DA22DE50DE108F
:10075000D8A4ADEF83F0AFEF83F0B1EF83F0C2EF39
:1007600080F020EE20F0AD51D926AE51DA22DEC461
:1007700086F6DEC487F6DEC488F6DEC489F6A751A5
:1007800086258A6FA85187218B6FA95188218C6F8C
:10079000AA5189218D6F20EE24F0AD51D926AE519A
:1007A000DA228AC6DEF48BC6DEF48CC6DEF48DC691
:1007B000DEF4020EAB19AC11D8B4E1EF83F0E3EF35
:1007C00083F029EF84F020EE14F0AD51D926AE511C
:1007D000DA22DEC486F6DEC487F6DEC488F6DEC41E
:1007E00089F6010E86158A6F000E87158B6F000E35
:1007F00088158C6F000E89158D6F20EE14F0AD51A9
:10080000D926AE51DA22DEC404F5DEC405F5DEC415
:1008100006F5DEC407F5030E086E000E096E000E25
:100820000A6E000E0B6E99ECF5F0D8900732063286
:100830000532043206018A5104248E6F8B51052043
:100840008F6F8C510620906F8D510720916F40EF74
:1008500084F020EE14F0AD51D926AE51DA22DEC478
:1008600086F6DEC487F6DEC488F6DEC489F6D89044
:1008700086358E6F87358F6F8835906F8935916F8C
:10088000FF0E8E25866F010E8F21876F000E90213F
:10089000886F000E9121896F0A0E54EF84F0D89072
:1008A0008933883387338633E82E4FEF84F020EE88
:1008B00018F0AD51D926AE51DA228651DE5C87514F
:1008C000DE588851DE588951DE58D8B06AEF84F07E
:1008D0006CEF84F06EEF84F0C2EF80F020EE10F049
:1008E000AD51D926AE51DA22FF0EDE6EFF0EDE6E5E
:1008F000FF0EDE6EFF0EDD6EDD52DD5210EE0CF0EF
:10090000AD51E126AE51E222DEC4E6F4DEC4E6F4E7
:10091000DEC4E6F4DEC4E6F420EE05F0AD51D926DF
:10092000AE51DA22800EDF6E030EAB19AC11D8A4E3
:100930009CEF84F09EEF84F04BEF85F0600EAD25C8
:10094000046E000EAE21056E42ECFAF004040510B0
:10095000D8A4ADEF84F0AFEF84F04BEF85F0ADC6D7
:1009600019F6AEC61AF6010E06019E251B6F000E83
:100970009F211C6F000EA0211D6F000EA1211E6F74
:1009800021ECEAF00009D8A4C8EF84F0CAEF84F0A3
:100990004BEF85F0060120EE05F0AD51D926AE51A2
:1009A000DA22DF6A2E0EAD25046E020EAE21056E30
:1009B00042ECFAF0550E041807E1AA0E0518D8A467
:1009C000E4EF84F0E6EF84F04BEF85F0300E0601A3
:1009D000AD25046E000EAE21056EB2ECEBF0520EAA
:1009E00004180DE1520E05180AE1610E061807E120
:1009F000410E0718D8A4FFEF84F001EF85F04BEF0C
:100A000085F0140E0601AD25046E020EAE21056EB2
:100A1000B2ECEBF0720E04180DE1720E05180AE14B
:100A2000410E061807E1610E0718D8A41AEF85F0E9
:100A30001CEF85F04BEF85F0180E0601AD25046E16
:100A4000020EAE21056EB2ECEBF0060120EE10F0C6
:100A5000AD51D926AE51DA2204C5DEF405C5DEF467
:100A600006C5DEF407C5DEF41C0EAD25046E020ECD
:100A7000AE21056EB2ECEBF0060120EE0CF0AD51AC
:100A8000D926AE51DA2204C5DEF405C5DEF406C56A
:100A9000DEF407C5DEF4ADC6D9F4AEC6DAF4ABC6F3
:100AA000DFF40701204B212B060120EE06F0AD51AB
:100AB000D926AE51DA2220C7DEF421C7DDF46DEF6E
:100AC00080F012000501886B62C589F563C58AF55F
:100AD00064C58BF565C58CF58CBF73EF85F071EF40
:100AE00085F087EF85F0010E886F89C504F58AC50A
:100AF00005F58BC506F58CC507F526ECFAF004C59F
:100B000089F505C58AF506C58BF507C58CF5000E78
:100B100005018E6F000E8D6F1AC77CF51BC77DF522
:100B20008851D8B496EF85F098EF85F0ACEF85F05A
:100B30008851D8A49EEF85F0A0EF85F0A6EF85F050
:100B4000000E6E6F2B0E6D6FAAEF85F0000E6E6FAC
:100B50002D0E6D6F6DC588F589C504F58AC505F53F
:100B60008BC506F58CC507F5F1ECE3F00404051020
:100B7000D8A4BDEF85F0BFEF85F0F2EF85F0050159
:100B80008851D8B4C6EF85F0C8EF85F0D1EF85F075
:100B900088C500F87C07D8A07D07000E8E6F010E77
:100BA0008D6F000E8D25046E080E8E21056EF40EDD
:100BB000066EFF0E076EB3ECF9F00501FD0E7C2703
:100BC000FF0E7D2360C515F561C516F5000E176E85
:100BD000080E186E7CC519F57DC51AF566ECEFF0A8
:100BE00092EF8AF089C504F58AC505F58BC506F52F
:100BF0008CC507F5F1ECE3F004500510D8A403EF21
:100C000086F005EF86F025EF86F005018851D8B40F
:100C10000CEF86F00EEF86F017EF86F088C500F82F
:100C20007C07D8A07D07000E8E6F010E8D6F000E21
:100C30008D25046E080E8E21056EF80E066EFF0ED1
:100C4000076EB3ECF9F0DDEF85F0000E05018F6F54
:100C5000000E906F800E916F3F0E926F000E776FB7
:100C6000000E766F89C504F58AC505F58BC506F5B6
:100C70008CC507F5000E086E000E096E000E0A6E98
:100C8000000E0B6E75ECEDF0D8B049EF86F04BEF2F
:100C900086F02AEF87F058EF86F078C58FF579C592
:100CA00090F57AC591F57BC592F50501764B772BCA
:100CB0008FC512F590C513F591C514F592C515F5BC
:100CC000000E166E000E176E200E186E410E196E75
:100CD0001DECAEF012C578F513C579F514C57AF59B
:100CE00015C57BF505017851895D046E79518A59E6
:100CF000056E7A518B59066E7B518C59076EA2ECAA
:100D0000F7F007BE8FEF86F007500610051009E1D7
:100D1000020E045CD8A08FEF86F091EF86F04DEFC5
:100D200086F078C52BF579C52CF57AC52DF57BC5F0
:100D30002EF589C52FF58AC530F58BC531F58CC5E3
:100D400032F56EECE2F0D8A0A8EF86F0AAEF86F0BC
:100D50004DEF86F005018F51895D046E90518A59DF
:100D6000056E91518B59066E92518C59076EA2EC0B
:100D7000F7F007BEC9EF86F007500610051007E12F
:100D8000020E045CD8B0C7EF86F0C9EF86F011EF11
:100D900087F08FC589F590C58AF591C58BF592C509
:100DA0008CF52AEF87F08FC52BF590C52CF591C5F2
:100DB0002DF592C52EF5000E2F6E000E306E200E12
:100DC000316E410E326EC2ECB5F02BC58FF52CC5DD
:100DD00090F52DC591F52EC592F505017607D8A0A1
:100DE00077078F51895D046E90518A59056E915134
:100DF0008B59066E92518C59076EA2ECF7F007BE24
:100E00000FEF87F007500610051007E1020E045C93
:100E1000D8B00DEF87F00FEF87F011EF87F0C9EF33
:100E200086F089C52BF58AC52CF58BC52DF58CC5AB
:100E30002EF58FC52FF590C530F591C531F592C5CA
:100E400032F56EECE2F0D8A028EF87F02AEF87F0B9
:100E5000D3EF86F066C570F570C571F507011DBF4B
:100E600034EF87F036EF87F03CEF87F01CC769F569
:100E70001DC76AF541EF87F0000E05016A6F060E87
:100E8000696F69C574F56AC575F50501744B752BF5
:100E9000660E7119D8A44FEF87F051EF87F071EF0C
:100EA00087F077BF58EF87F056EF87F064EF87F051
:100EB000000E8F6F000E906F800E916F3F0E926F3D
:100EC000000E776F000E766F670E7019D8B46BEF57
:100ED00087F06DEF87F071EF87F0765174277751C7
:100EE0007523000E876F000E866F89C57EF58AC553
:100EF0007FF58BC580F58CC581F58FC578F590C5DC
:100F000079F591C57AF592C57BF502EF88F07EC53B
:100F10002BF57FC52CF580C52DF581C52EF58FC528
:100F20002FF590C530F591C531F592C532F5C2EC7B
:100F3000B5F02BC544F52CC545F52DC546F52EC598
:100F400047F5BFECC7F044C582F545C583F546C5F6
:100F500084F547C585F582C504F583C505F584C5C7
:100F600006F585C507F5EBECE1F004C572F505C59E
:100F700073F57EC52BF57FC52CF580C52DF581C594
:100F80002EF582C516F583C517F584C518F585C5F8
:100F900019F58FC512F590C513F591C514F592C5D5
:100FA00015F51DECAEF012C52FF513C530F514C5BF
:100FB00031F515C532F50CECF9F02BC57EF52CC5D5
:100FC0007FF52DC580F52EC581F58FC52BF590C514
:100FD0002CF591C52DF592C52EF5000E2F6E000E45
:100FE000306E200E316E410E326EC2ECB5F02BC564
:100FF0008FF52CC590F52DC591F52EC592F50501FF
:10100000864B872B7451865D8751800A586E7551C7
:10101000800A5858D8A00FEF88F011EF88F087EFBA
:1010200087F08FC512F590C513F591C514F592C5DB
:1010300015F5000E166E000E176EA00E186E400EFF
:10104000196E1DECAEF012C582F513C583F514C5FB
:1010500084F515C585F57EC52BF57FC52CF580C5B6
:101060002DF581C52EF582C52FF583C530F584C5D4
:1010700031F585C532F56EECE2F0D8B042EF88F07C
:1010800044EF88F04FEF88F0000E0501826F000EEC
:10109000836F000E846F000E856F78EF88F07EC539
:1010A00004F57FC505F580C506F581C507F582C540
:1010B00008F583C509F584C50AF585C50BF575ECFA
:1010C000EDF0D8A066EF88F068EF88F078EF88F050
:1010D000050172B16EEF88F070EF88F078EF88F05C
:1010E000000E826F000E836F000E846F000E856FFE
:1010F00089C504F58AC505F58BC506F58CC507F5C8
:1011000082C508F583C509F584C50AF585C50BF5C3
:1011100068ECA5F004C57EF505C57FF506C580F52C
:1011200007C581F57EC52BF57FC52CF580C52DF54E
:1011300081C52EF5000E166E000E176E200E186E6D
:10114000410E196E78C512F579C513F57AC514F5F7
:101150007BC515F51DECAEF012C52FF513C530F5A6
:1011600014C531F515C532F56EECE2F0D8A0BBEF31
:1011700088F0BDEF88F0E6EF88F00501764B772B1D
:1011800078C512F579C513F57AC514F57BC515F543
:10119000000E166E000E176E200E186E410E196EA0
:1011A0001DECAEF012C578F513C579F514C57AF5C6
:1011B00015C57BF5660E05017119D8A4E2EF88F01C
:1011C000E4EF88F0E6EF88F0744B752B78C58FF567
:1011D00079C590F57AC591F57BC592F576C567F529
:1011E00077C568F505016F6B000E6C6F000E6B6FB5
:1011F000000E876F000E866FE3EF89F07EC52BF53A
:101200007FC52CF580C52DF581C52EF58FC52FF531
:1012100090C530F591C531F592C532F5C2ECB5F007
:101220002BC544F52CC545F52DC546F52EC547F50E
:10123000BFECC7F044C582F545C583F546C584F5C6
:1012400047C585F582C504F583C505F584C506F552
:1012500085C507F5EBECE1F005BE3AEF89F00550E6
:1012600007E10A0E045CD8B038EF89F03AEF89F054
:101270004AEF89F082C504F583C505F584C506F5F6
:1012800085C507F5EBECE1F004C572F505C573F50E
:101290004FEF89F0000E0501736F090E726F0501A3
:1012A0006F51D8A456EF89F058EF89F080EF89F09C
:1012B00068BF5FEF89F05DEF89F080EF89F0000E85
:1012C0008D25D96E080E8E21DA6E2E0EDF6E8D4BB7
:1012D0008E2B7C07D8A07D07010E6F6F80EF89F001
:1012E000000E8D25D96E080E8E21DA6E300EDF6E5F
:1012F0008D4B8E2B7C07D8A07D076B07D8A06C0781
:101300006B516C11D8A487EF89F089EF89F070EFE9
:1013100089F0000E8D25D96E080E8E21DA6E72517D
:10132000300FDF6E8D4B8E2B7C07D8A07D077EC5DE
:101330002BF57FC52CF580C52DF581C52EF582C511
:1013400016F583C517F584C518F585C519F58FC53C
:1013500012F590C513F591C514F592C515F51DEC60
:10136000AEF012C52FF513C530F514C531F515C50E
:1013700032F50CECF9F02BC57EF52CC57FF52DC5AB
:1013800080F52EC581F58FC52BF590C52CF591C53F
:101390002DF592C52EF5000E2F6E000E306E200E2C
:1013A000316E410E326EC2ECB5F02BC58FF52CC5F7
:1013B00090F52DC591F52EC592F505016707D8A0CA
:1013C0006807864B872B7451865D8751800A586E5B
:1013D0007551800A5858D8B0F0EF89F0F2EF89F0D3
:1013E00000EF8AF08EBFFEEF89F08E5109E14B0EBF
:1013F0008D5DD8A0FEEF89F000EF8AF0FEEF88F057
:10140000000E876F4F0E866F000E8625D96E080E70
:101410008721DA6EDF6A000E586E080E596E8D5104
:10142000585E8E51595A86515824046E875159205E
:10143000056E000E066E080E076E8DC508F58EC58A
:1014400009F599ECF8F005018D51865D8D6F8E518F
:1014500087598E6F8851D8A430EF8AF033EF8AF025
:10146000010E34EF8AF0000E866F876B5CA23BEFB3
:101470008AF03DEF8AF06BEF8AF04DEF8AF08D072E
:10148000D8A08E07000E8D25D96E080E8E21DA6E3B
:10149000300EDF6E7C07D8A07D077C51865D8751BA
:1014A000800A586E7D51800A5858D8B05AEF8AF099
:1014B0005CEF8AF06BEF8AF08D51865D8751800A70
:1014C000586E8E51800A5858D8A069EF8AF06BEF99
:1014D0008AF03FEF8AF08851D8B471EF8AF073EF49
:1014E0008AF07EEF8AF08D07D8A08E07000E8D253A
:1014F000D96E080E8E21DA6E88C5DFF486517C5FC6
:1015000087517D5B60C515F561C516F5000E8D250B
:10151000176E080E8E21186E7CC519F57DC51AF55B
:1015200066ECEFF0120064C67BF665C67CF668C612
:10153000D9F469C6DAF4DE6ADD6A62C6BCF563C650
:10154000BDF58B0E0501BE6F060EBF6F71ECE3F0AB
:1015500006017A6F7A51D8A4B0EF8AF0B2EF8AF020
:10156000C2EF8AF020EE0FF06251D9266351DA22E1
:10157000DF507A6F7A51D8B4C0EF8AF0C2EF8AF0A8
:10158000C5EF8AF07A51D6EF8EF020EE0EF0625160
:10159000D9266351DA22DFB2D0EF8AF0D2EF8AF097
:1015A000D5EF8AF0070ED6EF8EF020EE10F06251E4
:1015B000D9266351DA2210EE10F06251E126635110
:1015C000E222E6C46EF6E6C46FF6E6C470F6E6C440
:1015D00071F666516E25726F67516F21736F000E41
:1015E0007021746F000E7121756FDE50725DDE50D8
:1015F0007359DE507459DE507559D8B002EF8BF034
:1016000004EF8BF012EF8BF020EE10F06251D92630
:101610006351DA22DEC46AF6DDC46BF66A1D666FBA
:101620006B1D676F66516711D8A419EF8BF01BEF24
:101630008BF01DEF8BF0CDEF8EF020EE10F06251AD
:10164000D9266351DA22FF0EDE146A6F010EDE1412
:101650006B6F000EDE146C6F000EDE146D6F6A513E
:101660006B116C116D11D8A438EF8BF03AEF8BF041
:1016700011EF8EF020EE10F06251D9266351DA227C
:10168000DEC46AF6DEC46BF6DEC46CF6DEC46DF64C
:101690000A0E50EF8BF0D8906D336C336B336A3396
:1016A000E82E4BEF8BF020EE0AF08B51D9268C51AF
:1016B000DA22DEC46EF6DDC46FF6FF0E6E25706FA3
:1016C000FF0E6F21716F6A5170157D6F6B5171152F
:1016D0007E6F7D517E11D8A470EF8BF072EF8BF08E
:1016E0003AEF8CF020EE10F06251D9266351DA22E5
:1016F000DE50DE10DE10DE10D8A481EF8BF083EF19
:101700008BF0B4EF8BF020EE06F06251D9266351D6
:10171000DA22DEC481F6DEC482F6DEC483F6DEC4DD
:1017200084F68151821183118411D8A49AEF8BF031
:101730009CEF8BF0D0EF8BF062C645F663C646F6A1
:10174000000E476F000E486F000E496F000E4A6F83
:10175000BDEC9DF045C681F646C682F647C683F6C7
:1017600048C684F6D0EF8BF062C645F663C646F6EF
:1017700020EE14F06251D9266351DA22DEC447F616
:10178000DEC448F6DEC449F6DEC44AF6BDEC9DF080
:1017900045C681F646C682F647C683F648C684F635
:1017A00006018151821183118411D8A4DAEF8BF0E4
:1017B000DCEF8BF0DEEF8BF0CDEF8EF08105821148
:1017C00083118411D8A4E7EF8BF0E9EF8BF0F4EFED
:1017D0008BF020EE0FF06251D9266351DA22020E0F
:1017E000DF6E020ED6EF8EF081290AE1822908E130
:1017F000832906E18429D8A400EF8CF002EF8CF055
:101800000DEF8CF020EE0FF06251D9266351DA22F1
:10181000010EDF6E010ED6EF8EF020EE14F0625155
:10182000D9266351DA2281C6DEF482C6DEF483C68D
:10183000DEF484C6DEF420EE06F06251D926635150
:10184000DA22DE50DE10DE10DE10D8A42AEF8CF093
:101850002CEF8CF03AEF8CF020EE06F06251D92696
:101860006351DA2281C6DEF482C6DEF483C6DEF47A
:1018700084C6DEF420EE0EF06251D9266351DA22DE
:10188000DFAE45EF8CF047EF8CF08AEF8CF0220E44
:1018900062250501F76F000E060163210501F86F4F
:1018A000060120EE18F06251D9266351DA22DEC417
:1018B000F9F5DEC4FAF5DEC4FBF5DEC4FCF5000E76
:1018C0000501FE6F010EFD6F060120EE01F08B5148
:1018D000D9268C51DA22DF5080ECD5F00009D8B43B
:1018E00074EF8CF076EF8CF081EF8CF0060120EE37
:1018F0000FF06251D9266351DA22010EDF6E0AEF32
:101900008CF0060120EE0EF06251D9266351DA22E6
:101910007F0EDF168BC610F58CC611F520EE14F085
:101920006251D9266351DA22DEC412F5DEC413F502
:10193000DEC414F5DEC415F5BBECE9F010C587F67E
:1019400011C588F612C589F613C58AF606018751B6
:10195000881189118A11D8A4B0EF8CF0B2EF8CF005
:10196000BCEF8CF020EE0FF06251D9266351DA22E1
:10197000020EDF6EF1EF8BF07D5187277E518823B9
:10198000000E8923000E8A2366C66AF667C66BF6C8
:10199000090E6C6FD8906B336A336C2FCAEF8CF0E2
:1019A0006AC67FF66BC680F67F518011D8B4DBEF34
:1019B0008CF0DDEF8CF0A1EF8DF07F517D256A6F0B
:1019C00080517E216B6F20EE0AF08B51D9268C510D
:1019D000DA226A51DE5C6B51DE58D8B0F2EF8CF03F
:1019E000F4EF8CF004EF8DF020EE0AF08B51D92645
:1019F0008C51DA22DEC46AF6DDC46BF67D516A5D75
:101A00007F6F7E516B59806F7BC6F7F57CC6F8F50A
:101A100087C6F9F588C6FAF589C6FBF58AC6FCF5CE
:101A20007FC6FDF580C6FEF520EE01F08B51D9266C
:101A30008C51DA22DF5080ECD5F00009D8B423EFC6
:101A40008DF025EF8DF030EF8DF0060120EE0FF0D8
:101A50006251D9266351DA22010EDF6E0AEF8CF053
:101A600006017F516A6F80516B6F6C6B6D6B20EE5E
:101A700018F06251D9266351DA22DEC46EF6DEC454
:101A80006FF6DEC470F6DEC471F687516E5D726F5C
:101A900088516F59736F89517059746F8A51715998
:101AA000756F6A51725D6B5173596C5174596D51F8
:101AB0007559D8B05EEF8DF060EF8DF090EF8DF03E
:101AC000220E6225046E000E6321056E20EE18F0D2
:101AD0006251D9266351DA22DEC46AF6DDC46BF6A0
:101AE00087516A5F88516B5B090ED8906A376B37F4
:101AF000E82E75EF8DF06A517B25066E6B517C21C7
:101B0000076E020E096E000E086E99ECF8F00601E1
:101B100020EE0EF06251D9266351DA227F0EDF16D5
:101B20007FC66AF680C66BF6090ED8906A376B37A7
:101B3000E82E95EF8DF06AC685F66BC686F667EFE0
:101B40008EF020EE18F06251D9266351DA228751C7
:101B5000DE180FE18851DE180CE18951DE1809E129
:101B60008A51DE18D8B4B7EF8DF0B9EF8DF002EFDF
:101B70008EF020EE0AF06251D9266351DA2210EE7F
:101B800010F06251E1266351E222DE50E65CDE5045
:101B9000E658DE50E658DE50E658D8B0D2EF8DF069
:101BA000D4EF8DF002EF8EF0220E6225006F000E52
:101BB0006321016F87C602F688C603F689C604F65C
:101BC0008AC605F6000E076F010E066F20EE01F0C3
:101BD0008B51D9268C51DA22DF50F3ECD3F0000977
:101BE000D8B4F5EF8DF0F7EF8DF002EF8EF006012F
:101BF00020EE0FF06251D9266351DA22010EDF6E1A
:101C00000AEF8CF0060120EE18F06251D9266351DC
:101C1000DA2287C6DEF488C6DEF489C6DEF48AC618
:101C2000DEF420EE10F06251D9266351DA22DEC4D0
:101C30006AF6DDC46BF6FF0E6A156C6F010E6B154C
:101C40006D6F6C510008856F6D51D8A0E82A0208AD
:101C5000866F8551665D86516759D8B032EF8EF038
:101C600034EF8EF038EF8EF066C685F667C686F6DE
:101C700020EE10F06251D9266351DA22DEC46AF6F2
:101C8000DDC46BF6FF0E6A156C6F010E6B156D6F80
:101C90006C5162256E6F6D5163216F6F220E6E2540
:101CA000046E000E6F21056E7BC606F57CC607F537
:101CB00085C608F586C609F599ECF8F0060120EE10
:101CC0000EF06251D9266351DA22000EDB8E855167
:101CD000665F8651675B68C6D9F469C6DAF48551D8
:101CE000DE268651DD2285517B2786517C2320EE1E
:101CF00010F06251D9266351DA228551DE268651D1
:101D0000DE22000EDE22DE2220EE10F06251D92605
:101D10006351DA2210EE0AF06251E1266351E222A9
:101D2000DE50E65CDE50E658DE50E658DE50E658FF
:101D3000D8A09DEF8EF09FEF8EF0AFEF8EF020EEEB
:101D40000AF06251D9266351DA22DEC476F6DEC487
:101D500077F6DEC478F6DEC479F6BDEF8EF020EEBD
:101D600010F06251D9266351DA22DEC476F6DEC461
:101D700077F6DEC478F6DEC479F620EE0AF062511A
:101D8000D9266351DA2276C6DEF477C6DEF478C649
:101D9000DEF479C6DEF412EF8BF020EE0EF0625125
:101DA000D9266351DA22000EDB8C000E120062C6C7
:101DB000BCF563C6BDF5850E0501BE6F060EBF6F8F
:101DC00071ECE3F00601806F8051D8A4EAEF8EF049
:101DD000ECEF8EF0F4EF8EF020EE0FF06251D9268A
:101DE0006351DA22DF50806F8051D8B4FAEF8EF061
:101DF000FCEF8EF0FFEF8EF08051DDEF92F020EEE1
:101E00000AF06251D9266351DA226451DE5C6551D1
:101E1000DE586651DE586751DE58D8B012EF8FF0A9
:101E200014EF8FF02FEF8FF020EE0EF06251D926D5
:101E30006351DA22DFB21FEF8FF021EF8FF02FEF27
:101E40008FF020EE0AF06251D9266351DA22DEC407
:101E500064F6DEC465F6DEC466F6DEC467F620EE20
:101E600010F06251D9266351DA22DEC478F6DEC45E
:101E700079F6DEC47AF6DEC47BF6000E7C6F000EC7
:101E80007D6F000E7E6F000E7F6F20EE10F06251AE
:101E9000D9266351DA227CC6DEF47DC6DEF47EC626
:101EA000DEF47FC6DEF46451651166116711D8B4A3
:101EB0005CEF8FF05EEF8FF0E2EF91F020EE0AF032
:101EC0008551D9268651DA22DEC468F6DDC469F66A
:101ED00068516A6F69516B6F6C6B6D6B090ED890AE
:101EE0006A376B376C376D37E82E6FEF8FF06AC645
:101EF00081F66BC682F66CC683F66DC684F67851A1
:101F000079117A117B11D8B488EF8FF08AEF8FF0B6
:101F100027EF90F0FF0E6425046EFF0E6521056E1D
:101F2000FF0E6621066EFF0E6721076E81C608F55B
:101F300082C609F583C60AF584C60BF5C1ECEEF03E
:101F400004C568F605C569F606C56AF607C56BF6E9
:101F5000FF0E06017825046EFF0E7921056EFF0E37
:101F60007A21066EFF0E7B21076E81C608F582C6B8
:101F700009F583C60AF584C60BF5C1ECEEF00450F2
:101F80000601685D0550695906506A5907506B593A
:101F9000D8A0CDEF8FF0CFEF8FF027EF90F0FF0EAE
:101FA0008125686FFF0E8221696FFF0E83216A6FA2
:101FB000FF0E84216B6F681D6C6F691D6D6F6A1D4C
:101FC0006E6F6B1D6F6FFF0E7825706FFF0E79219E
:101FD000716FFF0E7A21726FFF0E7B21736F6C5150
:101FE0007015746F6D517115756F6E517215766F36
:101FF0006F517315776F20EE10F06251D92663513F
:10200000DA2274C6DEF475C6DEF476C6DEF477C670
:10201000DEF420EE10F06251D9266351DA22DE5050
:10202000645FDE50655BDE50665BDD50675B20EE13
:1020300014F06251D9266351DA22DEC487F6DEC479
:1020400088F6DEC489F6DEC48AF6A2EF90F020EEB0
:1020500006F06251D9266351DA22DEC487F6DEC467
:1020600088F6DEC489F6DEC48AF6875188118911A4
:102070008A11D8A43EEF90F040EF90F094EF90F0EA
:1020800062C645F663C646F6000E476F000E486FFF
:10209000000E496F000E4A6FBDEC9DF045C687F6F5
:1020A00046C688F647C689F648C68AF606018705F9
:1020B000881189118A11D8A460EF90F062EF90F036
:1020C0006DEF90F020EE0FF06251D9266351DA22C5
:1020D000020EDF6E020EDDEF92F087290AE18829F9
:1020E00008E1892906E18A29D8A479EF90F07BEFED
:1020F00090F086EF90F020EE0FF06251D9266351F8
:10210000DA22010EDF6E010EDDEF92F020EE06F016
:102110006251D9266351DA2287C6DEF488C6DEF41E
:1021200089C6DEF48AC6DEF420EE14F06251D926A8
:102130006351DA2287C6DEF488C6DEF489C6DEF48F
:102140008AC6DEF48751881189118A11D8B4ABEFA1
:1021500090F0ADEF90F0E2EF91F067EF91F08151E8
:10216000645F8251655B8351665B8451675B20EEDF
:1021700010F06251D9266351DA228151DE26825154
:10218000DE228351DE228451DE2220EE0EF06251E7
:10219000D9266351DA22DFA2D0EF90F0D2EF90F08F
:1021A000FEEF90F062C645F663C646F687C647F670
:1021B00088C648F689C649F68AC64AF6BDEC9DF03F
:1021C00045C687F646C688F647C689F648C68AF6E3
:1021D00006018751881189118A11D8A4F2EF90F075
:1021E000F4EF90F014EF91F0000E646F000E656F45
:1021F000000E666F000E676F76EF91F062C624F6F0
:1022000063C625F687C626F688C627F689C628F649
:102210008AC629F630ECB0F024C687F625C688F6C3
:1022200026C689F627C68AF6060187290AE1882983
:1022300008E1892906E18A29D8A421EF91F023EF4A
:1022400091F02DEF91F020EE0FF06251D9266351FD
:10225000DA22010EDF6E83EF90F08A518911881126
:1022600009E1020E875DD8A038EF91F03AEF91F0C6
:102270004FEF91F020EE14F08551D9268651DA22E5
:10228000DE50875DDE508859DE508959DE508A590C
:10229000D8A04DEF91F04FEF91F059EF91F020EE73
:1022A0000FF06251D9266351DA22020EDF6E6AEF17
:1022B00090F020EE14F06251D9266351DA2287C6DD
:1022C000DEF488C6DEF489C6DEF48AC6DEF4645124
:1022D000815D655182596651835967518459D8A0EF
:1022E00074EF91F076EF91F0AFEF90F020EE10F0F8
:1022F0006251D9266351DA226451DE266551DE220D
:102300006651DE226751DE22FF0E6415686F010EF2
:102310006515696F000E66156A6F000E67156B6FA5
:10232000685169116A116B11D8B499EF91F09BEF64
:1023300091F0E2EF91F085C610F586C611F587C6DB
:1023400012F588C613F589C614F58AC615F5BBECD7
:10235000E9F010C57CF611C57DF612C57EF613C5F1
:102360007FF606017C517D117E117F11D8A4BBEF51
:1023700091F0BDEF91F0C7EF91F020EE0FF06251B8
:10238000D9266351DA22020EDF6E6AEF90F064C63E
:1023900068F665C669F666C66AF667C66BF60A0E23
:1023A000D7EF91F0D8906B336A3369336833E82EF6
:1023B000D2EF91F068517C2769517D236A517E23C9
:1023C0006B517F2320EE10F06251D9266351DA223F
:1023D00010EE0AF06251E1266351E222DE50E65C23
:1023E000DE50E658DE50E658DE50E658D8B0FBEF37
:1023F00091F0FDEF91F019EF92F020EE10F06251A4
:10240000D9266351DA2210EE0AF06251E1266351B7
:10241000E222DEC4E6F4DEC4E6F4DEC4E6F4DEC4A2
:10242000E6F420EE0EF06251D9266351DA22000E56
:10243000DB8C20EE10F06251D9266351DA22FF0EB8
:10244000DE14686F010EDE14696F000EDE146A6F11
:10245000000EDE146B6F685169116A116B11D8B4EC
:1024600034EF92F036EF92F0FCEF8EF020EE18F0A1
:102470006251D9266351DA227C51DE180FE17D5179
:10248000DE180CE17E51DE1809E17F51DE18D8B468
:102490004CEF92F04EEF92F0FCEF8EF020EE0EF04B
:1024A0006251D9266351DA22DFAE59EF92F05BEF29
:1024B00092F09EEF92F0220E62250501F76F000E5A
:1024C000060163210501F86F060120EE18F0625144
:1024D000D9266351DA22DEC4F9F5DEC4FAF5DEC48A
:1024E000FBF5DEC4FCF5000E0501FE6F010EFD6F6D
:1024F000060120EE01F08551D9268651DA22DF50FF
:1025000080ECD5F00009D8B488EF92F08AEF92F011
:1025100095EF92F0060120EE0FF06251D92663513B
:10252000DA22010EDF6E83EF90F0060120EE0EF04E
:102530006251D9266351DA227F0EDF16220E622500
:10254000006F000E6321016F7CC602F67DC603F6A4
:102550007EC604F67FC605F6000E076F010E066FF5
:1025600020EE01F08551D9268651DA22DF50F3ECB6
:10257000D3F00009D8B4BFEF92F0C1EF92F0CCEFE6
:1025800092F0060120EE0FF06251D9266351DA2253
:10259000010EDF6E83EF90F0060120EE18F062511D
:1025A000D9266351DA227CC6DEF47DC6DEF47EC60F
:1025B000DEF47FC6DEF4FCEF8EF012000601AF51B0
:1025C000B011D8A4E6EF92F0E8EF92F0EBEF92F0C2
:1025D000090E9DEF96F03F0EB317B10E816F060EF8
:1025E000826FD40E836F060E846FB3C685F600EC3F
:1025F00080F00601D66FD651D8A401EF93F003EF17
:1026000093F08DEF96F0D4C6D7F6D5C6D8F6D70E90
:10261000846F060E856FB1C686F6B2C687F6B1EC3A
:10262000C6F00601D66FD651D8A419EF93F01BEF70
:1026300093F024EF93F0FEAF20EF93F022EF93F0AE
:1026400024EF93F0060ED66FB3C6B4F61C0EB41783
:10265000D8B42DEF93F02FEF93F04AEF94F0D651CA
:10266000D8B435EF93F037EF93F04BEF93F0040EBF
:10267000D619D8A43EEF93F040EF93F048EF93F0D3
:10268000D70E886F060E896F37ECE7F00601D66F1C
:10269000B38763EF93F0DBC6B4F6110EB417D8B46A
:1026A00054EF93F056EF93F05AEF93F0070ED66F76
:1026B00063EF93F0B3A55FEF93F061EF93F063EFF7
:1026C00093F0080ED66FD651D8A469EF93F06BEF54
:1026D00093F06DEF94F0B3A770EF93F072EF93F077
:1026E0006DEF94F0C9ECFBF004C5C0F605C5C1F66A
:1026F00006C5C2F607C5C3F60E0E0601F125046E27
:10270000000EF221056EC0C606F5C1C607F5C2C6A9
:1027100008F5C3C609F563ECF5F0160E0601F125C0
:10272000046E000EF221056EC0C606F5C1C607F59F
:10273000C2C608F5C3C609F563ECF5F0D4C60BF5BF
:10274000D5C60CF5F1C60DF5F2C60EF5F4ECF3F0B6
:102750000BC5C4F60CC5C5F60DC5C6F60EC5C7F645
:10276000060120EE0BF0F151D926F251DA22200EAB
:10277000DF6ED4C608F5D5C609F5F1C60AF5F2C66E
:102780000BF5000E0C6E000E0D6E000E0E6E000EA0
:102790000F6EC1ECF8F01C0E0601F125046E000E60
:1027A000F221056E000E066E000E076E000E086E1A
:1027B000000E096E63ECF5F0060120EE04F0D45132
:1027C000D926D551DA22010EDF6EC451C511C611CA
:1027D000C711D8B4EEEF93F0F0EF93F06DEF94F0F3
:1027E00020EE2CF0D451D926D551DA22DEC4C8F619
:1027F000DEC4C9F6DEC4CAF6DEC4CBF6D70E456F1A
:10280000060E466FC4C647F6C5C648F6C6C649F6A4
:10281000C7C64AF6000E4B6F000E4C6F000E4D6F90
:10282000000E4E6F78ECC3F00601D66FD651D8A4D7
:102830001CEF94F01EEF94F06DEF94F0D4C619F6EF
:10284000D5C61AF6C8C61BF6C9C61CF6CAC61DF6FA
:10285000CBC61EF621ECEAF00601D66FFF0EC425AA
:10286000B46FFF0EC521B56FFF0EC621B66FFF0E08
:10287000C721B76F20EE0CF0D451D926D551DA22FA
:10288000B4C6DEF4B5C6DEF4B6C6DEF4B7C6DEF412
:102890006DEF94F0D651D8A450EF94F052EF94F02D
:1028A0006DEF94F0DBA957EF94F059EF94F05DEFE2
:1028B00094F0040ED66F6DEF94F0B3A362EF94F032
:1028C00064EF94F06DEF94F0DBA169EF94F06BEF9F
:1028D00094F06DEF94F0070ED66FD651D8A473EF35
:1028E00094F075EF94F09BEF94F0B3A77AEF94F027
:1028F0007CEF94F07DEF94F0B38D20EE2CF0D4516A
:10290000D926D551DA2210EE1CF0AF51E126B05194
:10291000E222DEC4E6F4DEC4E6F4DEC4E6F4DEC49D
:10292000E6F420EE20F0AF51D926B051DA22F1C6FC
:10293000DEF4F2C6DDF4D651D8A4A1EF94F0A3EFF3
:1029400094F08DEF96F0D4C60BF5D5C60CF5F1C614
:102950000DF5F2C60EF5F4ECF3F0060120EE06F0EC
:10296000AF51D926B051DA220BC5DEF40CC5DEF426
:102970000DC5DEF40EC5DEF41C0EF125046E000E4E
:10298000F221056EB2ECEBF0060120EE0AF0AF5139
:10299000D926B051DA2204C5DEF405C5DEF406C539
:1029A000DEF407C5DEF4AFC6D9F4B0C6DAF4D4C697
:1029B000DEF4D5C6DDF420EE06F0D451D926D5518B
:1029C000DA2210EE02F0AF51E126B051E222DEC46D
:1029D000E6F4DDC4E5F420EE0EF0AF51D926B05197
:1029E000DA22B3C6DFF420EE0FF0AF51D926B05192
:1029F000DA22DF6A20EE18F0AF51D926B051DA2280
:102A0000DE6ADE6ADE6ADD6A20EE10F0AF51D9269A
:102A1000B051DA22DE6ADE6ADE6ADD6A220EAF2596
:102A2000046E000EB021056E000E076E000E066EDD
:102A3000020E096E000E086E0AECFAF00601B3AB46
:102A400024EF95F026EF95F08DEF96F020EE0AF04A
:102A5000AF51D926B051DA22DE50DE10DE10DE1082
:102A6000D8B435EF95F037EF95F08DEF96F020EE76
:102A70000AF0AF51D926B051DA2210EE10F0AF5162
:102A8000E126B051E222DEC4E6F4DEC4E6F4DEC4A0
:102A9000E6F4DEC4E6F420EE0AF0D451D926D5518E
:102AA000DA22DEC4B4F6DDC4B5F6B451B66FB55162
:102AB000B76FB86BB96B090ED890B637B737B83760
:102AC000B937E82E5CEF95F0B6C6BCF6B7C6BDF6D2
:102AD000B8C6BEF6B9C6BFF620EE06F0AF51D9268D
:102AE000B051DA22DEC4D0F6DEC4D1F6DEC4D2F6AE
:102AF000DEC4D3F620EE0AF0AF51D926B051DA2267
:102B0000DEC4CCF6DEC4CDF6DEC4CEF6DEC4CFF62F
:102B1000C8EF95F0AFC624F6B0C625F6D0C626F6A7
:102B2000D1C627F6D2C628F6D3C629F630ECB0F0C7
:102B300024C6D0F625C6D1F626C6D2F627C6D3F6C9
:102B40000601D351D211D11107E1020ED05DD8B0E8
:102B5000ACEF95F0AEEF95F0B0EF95F0020ED66FBA
:102B6000D0290AE1D12908E1D22906E1D329D8A444
:102B7000BCEF95F0BEEF95F0C0EF95F0010ED66F6B
:102B8000BC51CC5FBD51CD5BBE51CE5BBF51CF5B65
:102B9000D651D8A4CEEF95F0D0EF95F0DFEF95F0B9
:102BA000CC51BC5DCD51BD59CE51BE59CF51BF594D
:102BB000D8A0DDEF95F0DFEF95F08AEF95F020EEED
:102BC00014F0AF51D926B051DA22D0C6DEF4D1C606
:102BD000DEF4D2C6DEF4D3C6DEF4D651D8A4F3EFC9
:102BE00095F0F5EF95F08DEF96F0FF0ECC15B46FE4
:102BF000010ECD15B56F000ECE15B66F000ECF15B8
:102C0000B76FB451B511B611B711D8B40AEF96F039
:102C10000CEF96F08DEF96F0D4C610F5D5C611F5F1
:102C2000D0C612F5D1C613F5D2C614F5D3C615F524
:102C3000BBECE9F010C5C8F611C5C9F612C5CAF655
:102C400013C5CBF60601C851C911CA11CB11D8A4BE
:102C50002CEF96F02EEF96F032EF96F0020ED66F34
:102C60008DEF96F0CCC6B4F6CDC6B5F6CEC6B6F6A8
:102C7000CFC6B7F60A0E42EF96F0D890B733B63308
:102C8000B533B433E82E3DEF96F0C851B425B86F94
:102C9000C951B521B96FCA51B621BA6FCB51B7210D
:102CA000BB6F20EE18F0AF51D926B051DA22B8C66A
:102CB000DEF4B9C6DEF4BAC6DEF4BBC6DEF4220E1C
:102CC000AF25006F000EB021016F20EE18F0AF515C
:102CD000D926B051DA22DEC402F6DEC403F6DEC421
:102CE00004F6DEC405F6000E076F010E066F20EE37
:102CF00001F0D451D926D551DA22DF50F3ECD3F0CC
:102D00000009D8B486EF96F088EF96F08DEF96F034
:102D1000010E0601D66F8DEF96F00601D651D8B49C
:102D200094EF96F096EF96F09CEF96F0AFC6D9F43C
:102D3000B0C6DAF4DE6ADD6AD651120040C65BF630
:102D400041C65CF644C6D9F445C6DAF4DE6ADD6AEB
:102D50003EC6BCF53FC6BDF5670E0501BE6F060E4B
:102D6000BF6F71ECE3F00601566F5651D8A4BBEF6C
:102D700096F0BDEF96F0CDEF96F020EE0FF03E51BD
:102D8000D9263F51DA22DF50566F5651D8B4CBEFD7
:102D900096F0CDEF96F0D0EF96F056512DEF9AF0D9
:102DA00020EE0EF03E51D9263F51DA22DFB0DBEFA4
:102DB00096F0DDEF96F0E0EF96F0070E2DEF9AF02B
:102DC00020EE10F03E51D9263F51DA22DEC446F6FD
:102DD000DEC447F6DEC448F6DEC449F620EE0AF04B
:102DE0003E51D9263F51DA22DEC44AF6DEC44BF604
:102DF000DEC44CF6DEC44DF646514A5D526F475173
:102E00004B59536F48514C59546F49514D59556F57
:102E10004251466F4351476F486B496B4651525D73
:102E2000475153594851545949515559D8B01BEF3E
:102E300097F01DEF97F021EF97F052C642F653C678
:102E400043F642514311D8A428EF97F02AEF97F0A8
:102E50002CEF97F02CEF9AF020EE10F03E51D9268F
:102E60003F51DA22FF0EDE14466F010EDE14476F6B
:102E7000000EDE14486F000EDE14496F46514711F4
:102E800048114911D8A447EF97F049EF97F0BFEFE9
:102E900099F020EE10F03E51D9263F51DA22DEC4DF
:102EA00046F6DEC447F6DEC448F6DEC449F60A0E2E
:102EB0005FEF97F0D8904933483347334633E82ED5
:102EC0005AEF97F020EE0AF06751D9266851DA22BE
:102ED000DEC44AF6DDC44BF6FF0E4A254C6FFF0EEA
:102EE0004B214D6F46514C155D6F47514D155E6F2F
:102EF0005D515E11D8A47FEF97F081EF97F0FEEF60
:102F000097F020EE10F03E51D9263F51DA22DE50E4
:102F1000DE10DE10DE10D8A490EF97F092EF97F05D
:102F2000A2EF97F020EE06F03E51D9263F51DA226B
:102F3000DEC457F6DEC458F6DEC459F6DEC45AF6CF
:102F4000BEEF97F03EC624F63FC625F620EE14F0FD
:102F50003E51D9263F51DA22DEC426F6DEC427F6DA
:102F6000DEC428F6DEC429F630ECB0F024C657F6ED
:102F700025C658F626C659F627C65AF606015A51EE
:102F80005911581107E1020E575DD8B0CAEF97F0FA
:102F9000CCEF97F0D7EF97F020EE0FF03E51D92607
:102FA0003F51DA22020EDF6E020E2DEF9AF0572902
:102FB0000AE1582908E1592906E15A29D8A4E3EF82
:102FC00097F0E5EF97F0F0EF97F020EE0FF03E511D
:102FD000D9263F51DA22010EDF6E010E2DEF9AF055
:102FE00020EE14F03E51D9263F51DA2257C6DEF4C6
:102FF00058C6DEF459C6DEF45AC6DEF467C610F5CC
:1030000068C611F520EE14F03E51D9263F51DA2260
:10301000DEC412F5DEC413F5DEC414F5DEC415F506
:10302000BBECE9F010C563F611C564F612C565F690
:1030300013C566F606016351641165116611D8A4C3
:1030400024EF98F026EF98F030EF98F020EE0FF094
:103050003E51D9263F51DA22020EDF6ED4EF97F0AF
:103060005D5163275E516423000E6523000E6623C5
:1030700042C646F643C647F6090E486FD890473316
:103080004633482F3EEF98F046C65FF647C660F6D7
:103090005F516011D8B44FEF98F051EF98F01AEFEC
:1030A00099F05F515D25466F60515E21476F20EEBC
:1030B0000AF06751D9266851DA224651DE5C475141
:1030C000DE58D8B066EF98F068EF98F078EF98F097
:1030D00020EE0AF06751D9266851DA22DEC446F69E
:1030E000DDC447F65D51465D5F6F5E514759606FC5
:1030F0005BC600F65CC601F663C602F664C603F65C
:1031000065C604F666C605F65FC606F660C607F62F
:1031100020EE01F06751D9266851DA22DF50F3EC36
:10312000D3F00009D8B497EF98F099EF98F0A4EF96
:1031300098F0060120EE0FF03E51D9263F51DA22D9
:10314000010EDF6EEDEF97F0060120EE0EF03E511E
:10315000D9263F51DA22DFAEB0EF98F0B2EF98F007
:1031600008EF99F05F51466F6051476F486B496BAC
:1031700020EE18F03E51D9263F51DA22DEC44AF63D
:10318000DEC44BF6DEC44CF6DEC44DF663514A5D38
:103190004E6F64514B594F6F65514C59506F66518A
:1031A0004D59516F46514E5D47514F5948515059F5
:1031B00049515159D8B0DFEF98F0E1EF98F008EF9E
:1031C00099F020EE18F03E51D9263F51DA22DEC4A4
:1031D00046F6DDC447F66351465F6451475B090E0E
:1031E000D89046374737E82EF0EF98F046515B25E8
:1031F000046E47515C21056E220E3E25066E000EC0
:103200003F21076E020E096E000E086E99ECF8F071
:103210005FC646F660C647F6090ED89006014637E7
:103220004737E82E0DEF99F046C661F647C662F6BD
:103230000CEF9AF020EE18F03E51D9263F51DA22D9
:103240006351DE180FE16451DE180CE16551DE18A0
:1032500009E16651DE18D8B430EF99F032EF99F0F9
:10326000B0EF99F020EE0EF03E51D9263F51DA2210
:10327000DFAE3DEF99F03FEF99F082EF99F0220E2B
:103280003E250501F76F000E06013F210501F86F8D
:10329000060120EE18F03E51D9263F51DA22DEC455
:1032A000F9F5DEC4FAF5DEC4FBF5DEC4FCF5000E6C
:1032B0000501FE6F010EFD6F060120EE01F0675162
:1032C000D9266851DA22DF5080ECD5F00009D8B455
:1032D0006CEF99F06EEF99F079EF99F0060120EE1E
:1032E0000FF03E51D9263F51DA22010EDF6EEDEF8D
:1032F00097F0060120EE0EF03E51D9263F51DA221A
:103300007F0EDF16220E3E25006F000E3F21016F5B
:1033100063C602F664C603F665C604F666C605F61D
:10332000000E076F010E066F20EE01F06751D926DF
:103330006851DA22DF50F3ECD3F00009D8B4A3EFE0
:1033400099F0A5EF99F0B0EF99F0060120EE0FF09B
:103350003E51D9263F51DA22010EDF6EEDEF97F094
:10336000060120EE18F03E51D9263F51DA2263C6FD
:10337000DEF464C6DEF465C6DEF466C6DEF420EE76
:1033800010F03E51D9263F51DA22DEC446F6DDC4A4
:1033900047F6FF0E4615486F010E4715496F485115
:1033A0000008616F4951D8A0E82A0208626F615194
:1033B000425D62514359D8B0E0EF99F0E2EF99F0E5
:1033C000E6EF99F042C661F643C662F65BC604F5C5
:1033D0005CC605F520EE10F03E51D9263F51DA22A9
:1033E000DEC446F6DDC447F6FF0E4615486F010EF3
:1033F0004715496F48513E254A6F49513F214B6F50
:10340000220E4A25066E000E4B21076E61C608F596
:1034100062C609F599ECF8F006016151425F62510C
:10342000435B44C6D9F445C6DAF46151DE266251E5
:10343000DD2261515B2762515C2320EE10F03E518A
:10344000D9263F51DA226151DE266251DE22000E7A
:10345000DE22DE2221EF97F0000E120095C5D9F48E
:1034600096C5DAF4DEC4F6F4DDC4F7F4000EF86EA7
:103470000800F550250AD8A440EF9AF042EF9AF0E0
:10348000A6EF9DF095C5D9F496C5DAF4DE2A000EB4
:10349000DD22000E07011B6F000E1A6F1AC75CF5C4
:1034A0001C691D6905019D6B76EF9AF05C8295C5DC
:1034B000D9F496C5DAF4DE2A000EDD2276EF9AF012
:1034C000010E9D6F76EF9AF095C5D9F496C5DAF4A2
:1034D000DEC4F6F4DDC4F7F4000EF86E0800F55013
:1034E000300AD8B456EF9AF060EF9AF09D51D8B4F4
:1034F0007CEF9AF07EEF9AF064EF9AF095C504F5B0
:1035000096C505F597C506F598C507F555ECE9F09C
:1035100004C51AF705C51BF707011BBF94EF9AF006
:1035200092EF9AF099EF9AF05C801A6D1B1FD8B059
:103530001B2B95C5D9F496C5DAF4DEC4F6F4DDC4C8
:10354000F7F4000EF86E0800F5502E0AD8A4ABEF81
:103550009AF0ADEF9AF0C2EF9AF095C5D9F496C5FE
:10356000DAF4DE2A000EDD2295C504F596C505F5D0
:1035700097C506F598C507F555ECE9F004C51CF7A5
:1035800005C51DF795C5D9F496C5DAF4DEC4F6F481
:10359000DDC4F7F4000EF86E0800F550630AD8A4F5
:1035A000D4EF9AF0D6EF9AF0FAEF9AF095C5D9F4E5
:1035B00096C5DAF4DE2A000EDD2297C5D9F498C547
:1035C000DAF4DFC499F5020EDE26DFC49AF5000EA8
:1035D000DD2299C5D9F49AC5DAF4DF500501A26F4E
:1035E00093C50EF594C50FF5A2C510F586ECEAF06B
:1035F000BCEF9DF095C5D9F496C5DAF4DEC4A3F509
:10360000DDC4A4F5A3C5F6F4A4C5F7F4000EF86E66
:103610000800F5C4A2F518EF9BF0A34BA42B30EFE4
:103620009BF0690EA26F30EF9BF0A26B30EF9BF026
:103630000501A251580AD8B411EF9BF03C0AD8B446
:1036400011EF9BF00D0AD8B411EF9BF0050AD8B426
:103650000DEF9BF0140AD8B411EF9BF015EF9BF01F
:10366000A3C5F6F4A4C5F7F4000EF86E0800F550F3
:10367000640AD8B43EEF9BF040EF9BF087EF9BF0DD
:10368000A3C5F6F4A4C5F7F4000EF86E0800F550D3
:10369000690AD8A44EEF9BF050EF9BF0B0EF9BF07F
:1036A00087EF9BF097C5D9F498C5DAF4DFC499F594
:1036B000020EDE26DFC49AF5000EDD2299C5D9F48C
:1036C0009AC5DAF4DEC49EF5DDC49FF5000E9FBFF7
:1036D000FF0EA06FA16F92EF9BF097C5D9F498C52C
:1036E000DAF4DFC499F5040EDE26DFC49AF5000E85
:1036F000DD2299C5D9F49AC5DAF4DEC49EF5DEC49C
:103700009FF5DEC4A0F5DEC4A1F592EF9BF0A251B7
:10371000690AD8B452EF9BF0050AD8B46DEF9BF05C
:1037200092EF9BF0010EA325996F000EA4219A6FD2
:1037300095C5D9F496C5DAF499C5DEF49AC5DDF4D9
:1037400093C51EF594C51FF59EC520F59FC521F5AF
:10375000A0C522F5A1C523F5BEECCAF0BCEF9DF0D3
:10376000A3C5F6F4A4C5F7F4000EF86E0800F550F2
:10377000780AD8B4BEEF9BF0C0EF9BF008EF9CF046
:10378000A3C5F6F4A4C5F7F4000EF86E0800F550D2
:10379000580AD8A4CEEF9BF0D0EF9BF04EEF9CF0F0
:1037A00008EF9CF097C5D9F498C5DAF4DFC499F511
:1037B000020EDE26DFC49AF5000EDD2299C5D9F48B
:1037C0009AC5DAF4DEC49BF5DDC49CF59BC59EF575
:1037D0009CC59FF5A06BA16B13EF9CF097C5D9F426
:1037E00098C5DAF4DFC499F5040EDE26DFC49AF535
:1037F000000EDD2299C5D9F49AC5DAF4DEC49EF52F
:10380000DEC49FF5DEC4A0F5DEC4A1F513EF9CF085
:10381000A251690AD8B4D2EF9BF0050AD8B4EEEFF2
:103820009BF013EF9CF0010EA325996F000EA421CD
:103830009A6F95C5D9F496C5DAF499C5DEF49AC5A0
:10384000DDF43CEF9CF093C51EF594C51FF59EC5B5
:1038500020F59FC521F5A0C522F5A1C523F5A3C577
:10386000F6F4A4C5F7F4000EF86E0800F5C424F5CC
:1038700046ECD6F0BCEF9DF0A3C5F6F4A4C5F7F472
:10388000000EF86E0800F550580AD8B423EF9CF0EB
:10389000200AD8B423EF9CF04EEF9CF09D6B95C5A9
:1038A000D9F496C5DAF4DEC4F6F4DDC4F7F4000EFC
:1038B000F86E0800F550730AD8A461EF9CF063EF2E
:1038C0009CF06EEF9CF095C5D9F496C5DAF4DE2A2B
:1038D000000EDD22010E9D6FC4EF9CF095C5D9F45A
:1038E00096C5DAF4DEC4F6F4DDC4F7F4000EF86E23
:1038F0000800F5506C0AD8A480EF9CF082EF9CF091
:10390000C4EF9CF095C5D9F496C5DAF4DEC499F5F8
:10391000DDC49AF5010E9927000E9A2399C5F6F495
:103920009AC5F7F4000EF86E0800F5506C0AD8A49A
:103930009CEF9CF09EEF9CF0C4EF9CF095C5D9F4F1
:1039400096C5DAF4DEC499F5DDC49AF5020E99271E
:10395000000E9A2399C5F6F49AC5F7F4000EF86E96
:103960000800F550730AD8A4B8EF9CF0BAEF9CF0A9
:10397000C4EF9CF0030E95C5D9F496C5DAF4DE26A3
:10398000000EDD226AEF9CF09D51D8B4CAEF9CF086
:10399000CCEF9CF0E8EF9CF093C50EF594C50FF5C5
:1039A00097C5D9F498C5DAF4DFC499F5020EDE267E
:1039B000DFC49AF5000EDD2299C5D9F49AC5DAF470
:1039C000DEC410F5DDC411F58BECD1F0BCEF9DF039
:1039D00095C5D9F496C5DAF4DEC4A3F5DDC4A4F523
:1039E000A3C5F6F4A4C5F7F4000EF86E0800F5C4FC
:1039F000A2F506EF9DF0A34BA42B15EF9DF06C0EE6
:103A0000A26F15EF9DF0A26B15EF9DF0A2514C0A2D
:103A1000D8B4FBEF9CF02A0AD8B4FFEF9CF00A0A56
:103A2000D8B4FBEF9CF003EF9DF0A3C5F6F4A4C55A
:103A3000F7F4000EF86E0800F550660AD8A423EFDC
:103A40009DF025EF9DF09DEF9DF05BEF9DF097C5FC
:103A5000D9F498C5DAF4DFC499F5040EDE26DFC484
:103A60009AF5000EDD2299C5D9F49AC5DAF4DEC4C0
:103A70009EF5DEC49FF5DEC4A0F5DEC4A1F566EFB9
:103A80009DF097C5D9F498C5DAF4DFC499F5040E12
:103A9000DE26DFC49AF5000EDD2299C5D9F49AC559
:103AA000DAF4DEC49EF5DEC49FF5DEC4A0F5DEC404
:103AB000A1F566EF9DF0A2514C0AD8B441EF9DF0FC
:103AC000200AD8B427EF9DF066EF9DF0010EA325E4
:103AD000996F000EA4219A6F95C5D9F496C5DAF4B2
:103AE00099C5DEF49AC5DDF48FEF9DF093C560F5BE
:103AF00094C561F59EC562F59FC563F5A0C564F5E3
:103B0000A1C565F5A3C5F6F4A4C5F7F4000EF86EDB
:103B10000800F5C466F562EC85F0BCEF9DF0A3C526
:103B2000F6F4A4C5F7F4000EF86E0800F550660A26
:103B3000D8B476EF9DF09DEF9DF095C5D9F496C56C
:103B4000DAF4DE2A000EDD22BCEF9DF095C5D9F433
:103B500096C5DAF4DEC4F6F4DDC4F7F4000EF86EB0
:103B60000800F550056E066A93C507F594C508F57B
:103B7000EBECEAF09DEF9DF0120045C6D9F446C685
:103B8000DAF4DEC45CF6DDC45DF606014751481187
:103B900049114A11D8A4CFEF9DF0D1EF9DF009EF64
:103BA0009EF020EE0CF05C51D9265D51DA22DEC485
:103BB00054F6DEC455F6DEC456F6DEC457F654514C
:103BC000551156115711D8B4E8EF9DF0EAEF9DF06A
:103BD000FFEF9DF020EE14F05C51D9265D51DA2202
:103BE000DE50545DDE505559DE505659DE5057595F
:103BF000D8A0FDEF9DF0FFEF9DF06EEF9EF0010E5F
:103C0000546F000E556F000E566F000E576F6EEF1B
:103C10009EF045C624F646C625F647C626F648C693
:103C200027F649C628F64AC629F630ECB0F024C675
:103C30005EF625C65FF626C660F627C661F6060163
:103C4000615160115F1107E1020E5E5DD8B02BEF8C
:103C50009EF02DEF9EF037EF9EF0010E456F000EA7
:103C6000466F000E476F000E486F94EFA0F05E297C
:103C70000AE15F2908E1602906E16129D8A443EF40
:103C80009EF045EF9EF04FEF9EF05EC645F65FC694
:103C900046F660C647F661C648F694EFA0F020EEFF
:103CA00014F05C51D9265D51DA22DE505E5DDE50A3
:103CB0005F59DE506059DE506159D8B062EF9EF016
:103CC00064EF9EF066EF9EF045EF9EF047C654F617
:103CD00048C655F649C656F64AC657F620EE10F0C5
:103CE0005C51D9265D51DA22DE50DE10DE10DE1086
:103CF000D8A47DEF9EF07FEF9EF089EF9EF0000E3E
:103D0000456F000E466F000E476F000E486F94EF30
:103D1000A0F0000E586F000E596F000E5A6F000E83
:103D20005B6F475154190DE1485155190AE149514A
:103D3000561907E14A515719D8A4A1EF9EF0A3EFF5
:103D40009EF049EF9FF0010E5425586F000E55214B
:103D5000596F000E56215A6F000E57215B6F20EEEF
:103D600014F05C51D9265D51DA22DE50585DDE50E8
:103D70005959DE505A59DE505B59D8A0C2EF9EF017
:103D8000C4EF9EF0CCEF9EF0020E586F000E596FFC
:103D9000000E5A6F000E5B6F45C624F646C625F628
:103DA00058C626F659C627F65AC628F65BC629F61F
:103DB00030ECB0F024C65EF625C65FF626C660F687
:103DC00027C661F606015E055F1160116111D8B466
:103DD000ECEF9EF0EEEF9EF045EF9EF05E290AE1DB
:103DE0005F2908E1602906E16129D8A4FAEF9EF075
:103DF000FCEF9EF0FEEF9EF045EF9EF05E515F11EE
:103E000060116111D8B407EF9FF009EF9FF049EFFF
:103E10009FF020EE0CF05C51D9265D51DA22DEC411
:103E20005EF6DEC45FF6DEC460F6DEC461F66151A4
:103E300060115F1109E1020E5E5DD8A022EF9FF0D4
:103E400024EF9FF041EF9FF020EE14F05C51D92653
:103E50005D51DA22DE505E5DDE505F59DE50605902
:103E6000DE506159D8B037EF9FF039EF9FF041EF46
:103E70009FF05EC654F65FC655F660C656F661C63C
:103E800057F6000E586F000E596F000E5A6F000E55
:103E90005B6F585159115A115B11D8A452EF9FF022
:103EA00054EF9FF0E1EF9FF054C658F655C659F60F
:103EB00056C65AF657C65BF6010E5827000E592310
:103EC0005A235B2320EE14F05C51D9265D51DA228F
:103ED000DE50585DDE505959DE505A59DE505B595C
:103EE000D8A075EF9FF077EF9FF08EEF9FF0020E56
:103EF000586F000E596F000E5A6F000E5B6F5751CE
:103F00005611551107E1020E545DD8B08AEF9FF0AB
:103F10008CEF9FF08EEF9FF07FEF9EF045C624F66A
:103F200046C625F658C626F659C627F65AC628F6B6
:103F30005BC629F630ECB0F024C65EF625C65FF607
:103F400026C660F627C661F606015E515F11601154
:103F50006111D8A4AEEF9FF0B0EF9FF0B2EF9FF0E9
:103F6000E1EF9FF05E055F1160116111D8B4BBEF06
:103F70009FF0BDEF9FF045EF9EF05E290AE15F29BB
:103F800008E1602906E16129D8A4C9EF9FF0CBEFD1
:103F90009FF0CDEF9FF045EF9EF0545158190DE181
:103FA000555159190AE156515A1907E157515B19F0
:103FB000D8A4DDEF9FF0DFEF9FF05CEF9FF07FEF85
:103FC0009EF05CC624F65DC625F658C626F659C690
:103FD00027F65AC628F65BC629F6FF0E2A6FFF0E93
:103FE0002B6FFF0E2C6FFF0E2D6F95ECA0F00601CE
:103FF000536F5351D8A4FFEF9FF001EFA0F024EFCF
:10400000A0F04751481149114A11D8B40AEFA0F065
:104010000CEFA0F024EFA0F05CC624F65DC625F6F8
:1040200047C626F648C627F649C628F64AC629F6E0
:1040300058C62AF659C62BF65AC62CF65BC62DF67C
:1040400095ECA0F00601536F5351D8A42AEFA0F0CD
:104050002CEFA0F076EFA0F020EE0CF05C51D9260A
:104060005D51DA2258C6DEF459C6DEF45AC6DEF4D3
:104070005BC6DEF420EE10F05C51D9265D51DA22E9
:1040800010EE14F05C51E1265D51E222FE0EE624B2
:104090004F6FFF0EE620506FFF0EE620516FFF0EB0
:1040A000E620526FDE504F5DDE505059DE505159C0
:1040B000DE505259D8A05FEFA0F061EFA0F06CEF96
:1040C000A0F020EE10F05C51D9265D51DA22DE0618
:1040D000000EDE5ADE5ADE5A20EE05F05C51D9267B
:1040E0005D51DA22000EDB808CEFA0F05305D8B4CE
:1040F0007CEFA0F07EEFA0F088EFA0F0010E586FEB
:10410000000E596F000E5A6F000E5B6F8CEFA0F01F
:10411000586959695A695B6958C645F659C646F6E1
:104120005AC647F65BC648F61200020E0601446FF7
:1041300029512811271109E1020E265DD8A0A3EF0D
:10414000A0F0A5EFA0F009EFA3F020EE14F02451A9
:10415000D9262551DA22DE50265DDE502759DE5061
:104160002859DE502959D8B0B8EFA0F0BAEFA0F026
:1041700009EFA3F0F6EFA2F026C642F627C643F6F3
:10418000D89043312F6F42312E6F2E5142272F513D
:10419000432324C619F625C61AF620EE20F0245132
:1041A000D9262551DA22DEC42EF6DEC42FF6DEC46F
:1041B00030F6DEC431F642C632F643C633F6090E97
:1041C000346FD89033333233342FE1EFA0F03251D3
:1041D0002E251B6F33512F211C6F000E30211D6FB8
:1041E000000E31211E6F21ECEAF00601446F4451AC
:1041F000D8B4FDEFA0F0FFEFA0F001EFA1F009EFC0
:10420000A3F0FF0E42152E6F010E43152F6F2E5196
:104210002425306F2F512521316F300E3025406F0E
:10422000000E3121416F424B432B26B11AEFA1F012
:104230001CEFA1F021EFA1F02AC63CF63D6B3BEF4D
:10424000A1F02A512E6F2F6B2E3B2F3BF00E2F1714
:104250002E510F0B2F13F00E2E1740C6D9F441C666
:10426000DAF4DF500F0B306F316B2E5130113C6F91
:104270002F5131113D6F40C6D9F441C6DAF43CC626
:10428000DFF420EE04F02451D9262551DA22010E64
:10429000DF6E24C619F625C61AF620EE20F024514A
:1042A000D9262551DA22DEC42EF6DEC42FF6DEC46E
:1042B00030F6DEC431F642C632F643C633F6090E96
:1042C000346FD89033333233342F61EFA1F0325151
:1042D0002E251B6F33512F211C6F000E30211D6FB7
:1042E000000E31211E6F21ECEAF00601446F4451AB
:1042F000D8B47DEFA1F07FEFA1F081EFA1F009EF3D
:10430000A3F0FF0E42152E6F010E43152F6F2E5195
:104310002425306F2F512521316F300E3025406F0D
:10432000000E3121416F26B198EFA1F09AEFA1F074
:10433000B8EFA1F02AC62EF62BC62FF62CC630F603
:104340002DC631F62FC62EF630C62FF631C630F602
:10435000316B0F0E2E1740C6D9F441C6DAF4DF5088
:10436000F00B2E11326F32513E6F3F6BCEEFA1F04A
:104370002AC62EF62BC62FF62CC630F62DC631F6E1
:10438000050EC8EFA1F0D890313330332F332E33E0
:10439000E82EC3EFA1F02E513E6F3F6B40C6D9F41B
:1043A00041C6DAF43EC6DFF420EE04F02451D926EB
:1043B0002551DA22010EDF6E09EFA3F024C619F6AB
:1043C00025C61AF620EE20F02451D9262551DA22EE
:1043D000DEC42EF6DEC42FF6DEC430F6DEC431F6BF
:1043E00026C632F627C633F628C634F629C635F671
:1043F00033C632F634C633F635C634F6356B2E5135
:1044000032251B6F2F5133211C6F305134211D6F0A
:10441000315135211E6F21ECEAF00601446F445101
:10442000D8B415EFA2F017EFA2F019EFA2F009EF40
:10443000A3F026C62EF627C62FF6D8902E372F3794
:10444000FF0E2E15306F010E2F15316F30512425C0
:10445000326F31512521336F300E3225046E000E3C
:104460003321056E2AC606F52BC607F5D8ECFAF0FF
:10447000060120EE04F02451D9262551DA22010E3E
:10448000DF6E09EFA3F024C619F625C61AF620EE52
:1044900020F02451D9262551DA22DEC42EF6DEC4BE
:1044A0002FF6DEC430F6DEC431F626C632F627C655
:1044B00033F628C634F629C635F6080E65EFA2F0A5
:1044C000D8903533343333333233E82E60EFA2F0F3
:1044D0002E5132251B6F2F5133211C6F3051342147
:1044E0001D6F315135211E6F21ECEAF00601446F3A
:1044F0004451D8B47EEFA2F080EFA2F082EFA2F098
:1045000009EFA3F026C62EF627C62FF6D8902E3731
:104510002F37D8902E372F37FF0E2E15306F010E04
:104520002F15316F30512425326F31512521336FD2
:10453000300E3225046E000E3321056EB2ECEBF026
:10454000000E04140601346F000E0514356F000EC2
:104550000614366FF00E0714376FFF0E2A15386FEA
:10456000FF0E2B15396FFF0E2C153A6F0F0E2D1500
:104570003B6F345138112A6F355139112B6F365139
:104580003A112C6F37513B112D6F26C62EF627C6D8
:104590002FF6D8902E372F37D8902E372F37FF0E83
:1045A0002E15306F010E2F15316F30512425326FCB
:1045B00031512521336F300E3225046E000E332128
:1045C000056E2AC606F52BC607F52CC608F52DC6BE
:1045D00009F563ECF5F0060120EE04F02451D9262C
:1045E0002551DA22010EDF6E09EFA3F024C6D9F4BB
:1045F00025C6DAF4DF50010AD8B4BCEFA0F0030AF4
:10460000D8B4DEEFA1F0010AD8B443EFA2F009EF6D
:10461000A3F044511200780E0701066F070E076FD2
:10462000C7C508F7C8C509F70A9106C7CCF507C77B
:10463000CDF5CCC504F5CDC505F5ACECFAF05A5076
:104640005B10D8B426EFA3F028EFA3F02FEFA3F070
:104650006D0E0501AD6FFB0EAE6FECECFAF0CCC544
:10466000BBF5CDC5BCF5C3C5BDF5C4C5BEF5010ED2
:104670000501BF6F000EC06F8DECDEF0CCC508F5F4
:10468000CDC509F522ECFBF0CCC50EF5CDC50FF577
:10469000000E116E0A0E106E94ECF6F0C3ECFAF0F8
:1046A000000E2B6E000E2C6E000E2D6E000E2E6E68
:1046B000CE0E2F6E050E306E000E326E010E316E74
:1046C000000E34ECF4F05A505B10D8B46AEFA3F04B
:1046D0006CEFA3F076EFA3F0C20E0501AD6FFC0EF8
:1046E000AE6FCEC5AFF5B06BECECFAF00501CE05C0
:1046F000D8B47DEFA3F07FEFA3F095EFA3F05A506D
:104700005B10D8B486EFA3F088EFA3F08EEFA3F090
:10471000550EAD6FFE0EAE6FECECFAF0000E05011B
:10472000C46F010EC36F67EFA5F0AA0E2B6E010ECA
:104730002C6E000E2D6E000E2E6ECE0E2F6E050E00
:10474000306E000E326E050E316E080E34ECF4F051
:104750005A505B10D8B4AFEFA3F0B1EFA3F0C7EF9E
:10476000A3F0E60E0501AD6FF70EAE6FCEC5AFF547
:10477000B06BCFC5B1F5B26BD0C5B3F5B46BD1C5D5
:10478000B5F5B66BD2C5B7F5B86BECECFAF0050130
:10479000CE05D8A4CEEFA3F0D0EFA3F0E0EFA3F0C6
:1047A000D1A1D5EFA3F0D7EFA3F0E0EFA3F0AA0ECD
:1047B000D219D8B4DEEFA3F0E0EFA3F0F6EFA3F048
:1047C0005A505B10D8B4E7EFA3F0E9EFA3F0EFEF96
:1047D000A3F0A90EAD6FFC0EAE6FECECFAF0000E7C
:1047E0000501C46F020EC36F67EFA5F0000ECB6F1B
:1047F000000ECA6FCBBF06EFA4F0B80ECA5D0B0E59
:10480000CB59D8A006EFA4F008EFA4F00AEFA4F06B
:104810003FEFA4F0000E2B6E000E2C6E000E2D6EDE
:10482000000E2E6ECE0E2F6E050E306E000E326E06
:10483000010E316E370E34ECF4F0000E2B6E000ECC
:104840002C6E000E2D6E400E2E6ECE0E2F6E050EAF
:10485000306E000E326E050E316E290E34ECF4F01F
:104860000501CE51D8A437EFA4F039EFA4F03BEF07
:10487000A4F03FEFA4F0CA4BCB2BFAEFA3F05A50B1
:104880005B10D8B446EFA4F048EFA4F051EFA4F0C9
:10489000F50EAD6FFB0EAE6FCEC5AFF5B06BECECA9
:1048A000FAF00501CE51D8B458EFA4F05AEFA4F0B5
:1048B0006EEFA4F05A505B10D8B461EFA4F063EF30
:1048C000A4F08EEFA3F0F50EAD6FF90EAE6FCEC56E
:1048D000AFF5B06BECECFAF08EEFA3F0000E2B6EA0
:1048E000000E2C6E000E2D6E000E2E6ECE0E2F6E54
:1048F000050E306E000E326E050E316E3A0E34EC3F
:10490000F4F05A505B10D8B488EFA4F08AEFA4F00A
:10491000A0EFA4F08B0E0501AD6FF70EAE6FCEC504
:10492000AFF5B06BCFC5B1F5B26BD0C5B3F5B46B15
:10493000D1C5B5F5B66BD2C5B7F5B86BECECFAF0EE
:10494000CEC5C9F5FE0E0501C917D8B4AAEFA4F06B
:10495000ACEFA4F0C5EFA4F05A505B10D8B4B3EF9D
:10496000A4F0B5EFA4F0BEEFA4F0D10EAD6FF90E38
:10497000AE6FCEC5AFF5B06BECECFAF0000E0501F2
:10498000C46F030EC36F67EFA5F0CFBDCAEFA4F0ED
:10499000CCEFA4F0DDEFA4F05A505B10D8B4D3EF05
:1049A000A4F0D5EFA4F0EFEFA3F0970EAD6FF80EE3
:1049B000AE6FECECFAF0EFEFA3F05A505B10D8B406
:1049C000E4EFA4F0E6EFA4F0ECEFA4F03C0EAD6F42
:1049D000F90EAE6FECECFAF00501CFBFF2EFA4F0E8
:1049E000F4EFA4F005EFA5F05A505B10D8B4FBEF3C
:1049F000A4F0FDEFA4F0BEEFA4F0EC0EAD6FF80E46
:104A0000AE6FECECFAF0BEEFA4F05A505B10D8B4E5
:104A10000CEFA5F00EEFA5F014EFA5F07A0EAD6F38
:104A2000FE0EAE6FECECFAF0010E2B6E000E2C6E4B
:104A3000000E2D6E000E2E6ECE0E2F6E050E306EF9
:104A4000000E326E010E316E3B0E34ECF4F00501B7
:104A5000CE51D8B42EEFA5F030EFA5F044EFA5F07D
:104A60005A505B10D8B437EFA5F039EFA5F0BEEF80
:104A7000A4F05D0EAD6FFA0EAE6FCEC5AFF5B06BA4
:104A8000ECECFAF0BEEFA4F0CCC5BBF5CDC5BCF59F
:104A9000C5C5BDF5C6C5BEF5010EBF6F000EC06F22
:104AA0008DECDEF05A505B10D8B459EFA5F05BEFF7
:104AB000A5F062EFA5F0AD0E0501AD6FF90EAE6F7A
:104AC000ECECFAF0000E0501C46F000EC36F12008B
:104AD0000750800B106E07500724126E06AE73EF5E
:104AE000A5F075EFA5F076EFA5F012801250D8B4BE
:104AF0007CEFA5F07EEFA5F092EFA5F01228D8A4E8
:104B000084EFA5F086EFA5F08EEFA5F0000E046E01
:104B1000000E056E000E066E000E076E068E076A0A
:104B20009AEFA5F0000E046E000E056E000E066EE4
:104B3000000E076E0B50800B116E10501118D8B478
:104B4000A4EFA5F0A6EFA5F0A7EFA5F0108C0B50F1
:104B50000B24116E0AAEAFEFA5F0B1EFA5F0B2EFE6
:104B6000A5F011801150D8B4B8EFA5F0BAEFA5F0B8
:104B7000CEEFA5F01128D8A4C0EFA5F0C2EFA5F0A4
:104B8000CAEFA5F0000E086E000E096E000E0A6E48
:104B9000000E0B6E0A8E0B6AD6EFA5F0000E086EA3
:104BA000000E096E000E0A6E000E0B6E1250115CA4
:104BB000D8B0DDEFA5F0DFEFA5F006EFA6F010AC62
:104BC000E4EFA5F0E6EFA5F0E8EFA5F0800E101AEF
:104BD00012C513F511C512F513C511F504C513F56A
:104BE00008C504F513C508F505C513F509C505F590
:104BF00013C509F506C513F50AC506F513C50AF56B
:104C000007C513F50BC507F513C50BF5136A12504D
:104C100011C50CF50D6A0C5E000E0D5A0DBE1AEF93
:104C2000A6F00D5009E11A0E0C5CD8A01AEFA6F000
:104C30001CEFA6F053EFA6F0045005100610071065
:104C4000D8A425EFA6F028EFA6F0010E29EFA6F0D4
:104C5000000E136E000E046E000E056E000E066E42
:104C6000000E076E11C512F55CEFA6F013A03BEF26
:104C7000A6F03DEFA6F043EFA6F0D890133001095F
:104C8000136E45EFA6F0D890133204A04AEFA6F0B9
:104C90004CEFA6F04DEFA6F0138E07340732063224
:104CA00005320432122A1150125CD8A05AEFA6F035
:104CB0005CEFA6F036EFA6F010BC61EFA6F063EF54
:104CC000A6F0A3EFA6F01250D8A469EFA6F06BEF00
:104CD000A6F075EFA6F0000E046E000E056E000E35
:104CE000066E000E076EC2EFA7F0085004260950AA
:104CF00005220A5006220B50072207A082EFA6F0D9
:104D000084EFA6F030EFA7F013A089EFA6F08BEFA9
:104D1000A6F091EFA6F0D89013300109136E93EF2F
:104D2000A6F0D890133204A098EFA6F09AEFA6F060
:104D30009BEFA6F0138E0734073206320532043299
:104D4000122A30EFA7F00850045C095005580A50A9
:104D500006580750800A0C6E0B50800A0C58D8B0C9
:104D6000B4EFA6F0B6EFA6F0E1EFA6F00450085CB1
:104D70000C6E055009580D6E06500A580E6E0750FD
:104D80000B580F6EFF0E0C24046EFF0E0D20056EE7
:104D9000FF0E0E20066EFF0E0F20076E800E101AFB
:104DA000136C1350D8A4D7EFA6F0D9EFA6F0E9EF13
:104DB000A6F0010E0426000E052206220722E9EFC6
:104DC000A6F00850045E0950055A0A50065A0B50C6
:104DD000075A0450051006100710D8A4F2EFA6F0E9
:104DE000F4EFA6F029EFA7F01350D8A4FAEFA6F03D
:104DF000FCEFA6F029EFA7F0000E046E000E056E82
:104E0000000E066E000E076EC2EFA7F0D8900436B3
:104E100005360636073613AE10EFA7F012EFA7F0EF
:104E200013EFA7F0048013A018EFA7F01AEFA7F074
:104E30001EEFA7F0D880133620EFA7F0D8901336D6
:104E40001250D8B426EFA7F028EFA7F029EFA7F06B
:104E5000120606AE2EEFA7F030EFA7F006EFA7F090
:104E6000116A13AE36EFA7F038EFA7F050EFA7F0B6
:104E700013C50CF57F0E0C16D8B441EFA7F043EF25
:104E8000A7F047EFA7F0010E116E50EFA7F004A0B6
:104E90004CEFA7F04EEFA7F050EFA7F043EFA7F0CD
:104EA0001150D8B456EFA7F058EFA7F083EFA7F052
:104EB000010E0426000E05220622072207A063EF3A
:104EC000A7F065EFA7F083EFA7F004C50CF505C5C3
:104ED0000DF506C50EF507C50FF50F340F320E326E
:104EE0000D320C320CC504F50DC505F50EC506F5E1
:104EF0000FC507F51228D8B480EFA7F082EFA7F00E
:104F000083EFA7F0122A1228D8B489EFA7F08BEF0D
:104F1000A7F093EFA7F01250D8A491EFA7F093EF6A
:104F2000A7F0A4EFA7F0000E046E000E056E000EB1
:104F3000066E000E076E1250D8A4A1EFA7F0A3EFE3
:104F4000A7F0A4EFA7F0106A12A0A9EFA7F0ABEFAB
:104F5000A7F0AEEFA7F0068EAFEFA7F0069ED890B1
:104F60001230076E10AEB7EFA7F0B9EFA7F0BAEFA7
:104F7000A7F0078E04C504F505C505F506C506F5B9
:104F800007C507F512000501C96B72C70FF573C796
:104F900010F5D00E116E050E126ECC0E136E050EAE
:104FA000146ECE0E156E050E166E26ECDFF00501A2
:104FB000D15109E1500ED05DD8A0E1EFA7F0E3EFA9
:104FC000A7F0E9EFA7F06C0ED027070ED123EDEF85
:104FD000A7F0D00ED027070ED1236C0E0501AD6FC0
:104FE000FD0EAE6FD0C5AFF5D1C5B0F5CCC5B1F5EE
:104FF000CDC5B2F5CEC5B3F5CFC5B4F5ECECFAF03E
:105000007C0E0501CA6F180ECB6FCAC5BBF5CBC5A8
:10501000BCF5000EBE6F500EBD6F4CECE0F005010C
:10502000BB51BC11D8B417EFA8F019EFA8F0E9EF05
:10503000A8F0CAC50FF5CBC510F5D20E116E050E3E
:10504000126ED60E136E050E146ED40E156E050E6E
:10505000166E67ECE5F00F501010D8B432EFA8F0E0
:1050600034EFA8F03DEFA8F08D0E0501AD6FFC0EFA
:10507000AE6FECECFAF0EDEFA7F0BC0E0501D25DDF
:10508000070ED359D8A047EFA8F049EFA8F054EF86
:10509000A8F0200ED25D080ED359D8A052EFA8F088
:1050A00054EFA8F05CEFA8F08D0EAD6FFC0EAE6F64
:1050B000ECECFAF0EDEFA7F0D75107E10D0ED65D5D
:1050C000D8B065EFA8F067EFA8F070EFA8F0D65160
:1050D000D711D8A46EEFA8F070EFA8F078EFA8F081
:1050E0008D0EAD6FFC0EAE6FECECFAF0EDEFA7F0AD
:1050F000020ED619D711D8A480EFA8F082EFA8F03D
:10510000A6EFA8F01D0ED419D511D8A48AEFA8F0E7
:105110008CEFA8F0A6EFA8F0D2C509F5D3C50AF523
:10512000EAECF2F009500A10D8B499EFA8F09BEF1E
:10513000A8F09DEFA8F0DAEFA8F08D0E0501AD6F95
:10514000FC0EAE6FECECFAF0EDEFA7F0D6C5C5F5AE
:10515000D7C5C6F5D890C537C637FE0EC525C76F6B
:10516000FF0EC621C86F070EC725F66EF60EC821C2
:10517000F76EF86A000EF822D4510900F55CD5519B
:105180000900F558D8A0C7EFA8F0C9EFA8F0D2EFF2
:10519000A8F0D451D511D8A4D0EFA8F0D2EFA8F040
:1051A000DAEFA8F08D0EAD6FFC0EAE6FECECFAF0FE
:1051B000EDEFA7F0D2C5D0F5D3C5D1F5D6C5CCF566
:1051C000D7C5CDF5D4C5CEF5D5C5CFF5010E0501B2
:1051D000C96F75C7D2F5D36B74C7D6F5D76B77C7D0
:1051E000D4F5D56B830E0501AD6FFD0EAE6F75C79F
:1051F000AFF5B06B74C7B1F5B26B77C7B3F5B46BED
:10520000ECECFAF07C0E0501CA6F180ECB6FCAC524
:10521000BBF5CBC5BCF5000EBE6F500EBD6F4CECA0
:10522000E0F00501BB51BC11D8B419EFA9F01BEF98
:10523000A9F086EFA9F0CAC50FF5CBC510F5D20EBF
:10524000116E050E126ED60E136E050E146ED40E70
:10525000156E050E166E67ECE5F00F501010D8B401
:1052600034EFA9F036EFA9F03FEFA9F08D0E05015C
:10527000AD6FFC0EAE6FECECFAF0F2EFA8F00501AA
:10528000D35109E1180ED25DD8A049EFA9F04BEF38
:10529000A9F053EFA9F08D0EAD6FFC0EAE6FECECE4
:1052A000FAF0F2EFA8F0D75109E13C0ED65DD8A094
:1052B0005CEFA9F05EEFA9F066EFA9F08D0EAD6F7F
:1052C000FC0EAE6FECECFAF0F2EFA8F0D55109E16C
:1052D0003C0ED45DD8A06FEFA9F071EFA9F079EF83
:1052E000A9F08D0EAD6FFC0EAE6FECECFAF0F2EFA4
:1052F000A8F0A19ED2C575F7D6C574F7D4C577F7C7
:1053000001ECF6F0A18E010E0501C96FC951D8B4A8
:105310008CEFA9F08EEFA9F0EEEFA9F0D0C515F54E
:10532000D1C516F5CCC517F5CDC518F5CEC519F5FF
:10533000CFC51AF518ECE8F015C572F716C573F766
:10534000070124512511D8B4A8EFA9F0AAEFA9F0BC
:10535000C8EFA9F001ECF6F0000E046E070E056E22
:105360006B0E066E070E076ED00EE8ECF0F0FF0A2B
:10537000D8A4BDEFA9F0BFEFA9F0C8EFA9F0770E50
:105380000501AD6FFC0EAE6FECECFAF0EEEFA9F09C
:10539000FC0E0501AD6FFA0EAE6FD0C5AFF5D1C5ED
:1053A000B0F5CCC5B1F5CDC5B2F5CEC5B3F5CFC519
:1053B000B4F5ECECFAF0A40E0501AD6FFB0EAE6F88
:1053C000D2C5AFF5D3C5B0F5D6C5B1F5D7C5B2F5E1
:1053D000D4C5B3F5D5C5B4F5ECECFAF0120006C7A8
:1053E000F4F507C7F5F5000E0501EF6F050EEE6F3A
:1053F0005AA4FDEFA9F0FFEFA9F015EFAAF0F80EFF
:10540000AD6FF60EAE6FDCC5AFF5DDC5B0F5DEC530
:10541000B1F5DFC5B2F5E0C5B3F5E1C5B4F5E4C556
:10542000B5F5E5C5B6F5ECECFAF05AA41AEFAAF01A
:105430001CEFAAF04FEFAAF05AA621EFAAF023EF33
:10544000AAF04FEFAAF0EF0E0501BB6FFF0EBC6F85
:10545000DCC5E6F5DDC5E7F5DEC5E8F5DFC5E9F550
:10546000090ED890E637E737E837E937E82E31EF0D
:10547000AAF0E051E625BD6FE151E721BE6F000EB5
:10548000E821BF6F000EE921C06FE2C5C1F5E3C599
:10549000C2F5E4C5C3F5E5C5C4F547ECD9F0000E87
:1054A0000501F36F000EF26FF669000EEB6F000E50
:1054B000EA6F70EFAAF0F2C504F5F3C505F5F60E34
:1054C000066E050E076E000E096E010E086E50EC9A
:1054D000EBF004C5F2F505C5F3F50501EA4BEB2B3E
:1054E000E051EA5DE151EB59D8A079EFAAF07BEFEA
:1054F000AAF05BEFAAF0F2C504F5F3C505F5E2C525
:1055000006F5E3C507F5E4C508F5E5C509F550EC72
:10551000EBF004C5F2F505C5F3F5000E0501ED6FDE
:10552000000EEC6FA9EFAAF0F2C504F5F3C505F57E
:10553000F60E066E050E076E000E096E010E086E61
:1055400050ECEBF004C5F2F505C5F3F50501EC4BA5
:10555000ED2BE0C5E6F5E1C5E7F5E61FE71FE64BF5
:10556000E72BE451E65FE551E75B000EE625E86FC7
:10557000020EE721E96FE851EC5DE951ED59D8A041
:10558000C4EFAAF0C6EFAAF094EFAAF0DCC51BF5B1
:10559000DDC51CF5DEC51DF5DFC51EF5F60E1F6E5B
:1055A000050E206E180E69ECECF01BC5F0F51CC55D
:1055B000F1F50501F051F111D8B4E1EFAAF0E3EFF4
:1055C000AAF0E5EFAAF001EFACF0F651D8B4EBEF9A
:1055D000AAF0EDEFAAF0F3EFAAF0000EF16F030EC0
:1055E000F06F01EFACF0FE0EF66FF4C504F5F5C5F3
:1055F00005F5F60E066E050E076E000E096E010E1D
:10560000086E7FECF1F0F4C50EF5F5C50FF5E0C5B9
:1056100010F5E1C511F594ECF6F0F4C504F5F5C507
:1056200005F5E2C506F5E3C507F5E4C508F5E5C5EA
:1056300009F57FECF1F0F4C50EF5F5C50FF5E0C501
:10564000E6F5E1C5E7F50501E61FE71FE64BE72BA9
:10565000E451E65FE551E75B000EE625106E020EB1
:10566000E721116E94ECF6F00501F351F66FF4C5E5
:1056700004F5F5C505F5F60E066E050E076E000E6F
:10568000096E010E086E7FECF1F0F2C5F6F5F4C577
:1056900004F5F5C505F5F60E066E050E076E000E4F
:1056A000096E010E086E7FECF1F00B0E166EB80E4F
:1056B000156EFF0E2FECF9F00501F66FF629D8A450
:1056C00064EFABF066EFABF07CEFABF05A505B10E1
:1056D000D8B46DEFABF06FEFABF075EFABF02A0E17
:1056E000AD6FF70EAE6FECECFAF0000E0501F16F46
:1056F000010EF06F01EFACF0F6511F0B050AD8B4A4
:1057000084EFABF086EFABF0D8EFABF05A505B1004
:10571000D8B48DEFABF08FEFABF098EFABF0180E85
:10572000AD6FFA0EAE6FF6C5AFF5B06BECECFAF0FC
:105730000501F6511F0B0B0AD8A4A1EFABF0A3EFA4
:10574000ABF0EDEFAAF05A505B10D8B4AAEFABF073
:10575000ACEFABF0B6EFABF0C20EAD6FF80EAE6FC4
:10576000EEC5AFF5EFC5B0F5ECECFAF00501EE07CC
:10577000D8A0EF07EFBFC7EFABF0EF5106E1EE05A2
:10578000D8B0C5EFABF0C7EFABF0CDEFABF0000E8C
:10579000F16F040EF06F01EFACF0750E166E300E67
:1057A000156EFF0E2FECF9F0C3ECFAF0C6EFAAF07D
:1057B000750E166E300E156E000E2FECF9F0050109
:1057C000F66FF651D8A4E7EFABF0E9EFABF0FDEFE1
:1057D000ABF05A505B10D8B4F0EFABF0F2EFABF097
:1057E00075EFABF05C0EAD6FF70EAE6FF6C5AFF5B3
:1057F000B06BECECFAF075EFABF0000EF16F000E51
:10580000F06FC3ECFAF0F0C5DCF5F1C5DDF5120080
:1058100062C6D9F463C6DAF4DEC476F6DDC477F680
:10582000060120EE0EF06251D9266351DA22DEC461
:1058300066F6DEC467F6DEC468F6DEC469F6200EDE
:105840006625726F000E6721736F000E6821746FFA
:10585000000E6921756F755109E1200E745DD8A0A5
:1058600034EFACF036EFACF040EFACF020EE16F0D9
:105870006251D9266351DA22DE6ADE6ADE6ADD6AA7
:1058800020EE16F06251D9266351DA22DE50DE1086
:10589000DE10DE10D8A44FEFACF051EFACF054EFB7
:1058A000ACF0040E1CEFAEF0FF0E7215666F010E29
:1058B0007315676F000E7415686F000E7515696FAC
:1058C0006651671168116911D8A469EFACF06BEFEC
:1058D000ACF0F3EFADF020EE16F06251D926635133
:1058E000DA22DE2A000EDE22DE22DE2220EE12F096
:1058F0006251D9266351DA22DE50DE10DE10DE104E
:10590000D8A485EFACF087EFACF0C5EFACF020EE9B
:1059100008F07651D9267751DA22DEC466F6DDC466
:1059200067F66651686F6751696F6A6B6B6B72C619
:105930006CF673C66DF674C66EF675C66FF6060E17
:10594000A7EFACF0D8906F336E336D336C33E82E25
:10595000A2EFACF068516C5D69516D596A516E5996
:105960006B516F59D8A0B7EFACF0B9EFACF0F3EFD3
:10597000ADF020EE16F06251D9266351DA22DE6ACC
:10598000DE6ADE6ADD6A51EFACF020EE0AF0765195
:10599000D9267751DA22DEC466F6DDC467F6FF0E3B
:1059A0006625686FFF0E6721696F72C66AF673C657
:1059B0006BF674C66CF675C66DF60A0EE5EFACF0C4
:1059C000D8906D336C336B336A33E82EE0EFACF074
:1059D00068516A156E6F69516B156F6F000E6C150B
:1059E000706F000E6D15716F6E516F117011711126
:1059F000D8A4FDEFACF0FFEFACF0F3EFADF062C672
:105A000024F663C625F620EE12F06251D9266351C2
:105A1000DA22DEC426F6DEC427F6DEC428F6DEC4AB
:105A200029F630ECB0F024C678F625C679F626C6FD
:105A30007AF627C67BF606017B517A11791107E1C8
:105A4000020E785DD8B027EFADF029EFADF02CEF66
:105A5000ADF0020E1CEFAEF078290AE1792908E1D9
:105A60007A2906E17B29D8A438EFADF03AEFADF002
:105A70003DEFADF0010E1CEFAEF020EE14F07651CC
:105A8000D9267751DA22DE50785DDE507959DE5022
:105A90007A59DE507B59D8A050EFADF052EFADF0FF
:105AA000C7EFADF064516511D8A459EFADF05BEFCD
:105AB000ADF067EFADF020EE16F06251D9266351DC
:105AC000DA22DE6ADE6ADE6ADD6A51EFACF062C6B7
:105AD00045F663C646F620EE12F06251D9266351B0
:105AE000DA22DEC447F6DEC448F6DEC449F6DEC478
:105AF0004AF6BDEC9DF045C678F646C679F647C62F
:105B00007AF648C67BF60601785179117A117B1135
:105B1000D8A48DEFADF08FEFADF092EFADF0070EA2
:105B20001CEFAEF0780579117A117B11D8A49BEFA8
:105B3000ADF09DEFADF09FEFADF029EFADF078291E
:105B40000AE1792908E17A2906E17B29D8A4ABEF9B
:105B5000ADF0ADEFADF0AFEFADF03AEFADF076C632
:105B600019F677C61AF678C61BF679C61CF67AC6F9
:105B70001DF67BC61EF6B1ECDAF00009D8B4C3EF0F
:105B8000ADF0C5EFADF0C7EFADF03AEFADF0060107
:105B900020EE12F06251D9266351DA2278C6DEF483
:105BA00079C6DEF47AC6DEF47BC6DEF476C610F57E
:105BB00077C611F578C612F579C613F57AC614F5CD
:105BC0007BC615F5BBECE9F0060120EE16F062513C
:105BD000D9266351DA2210C5DEF411C5DEF412C5F0
:105BE000DEF413C5DEF420EE0EF06251D9266351C7
:105BF000DA2272C6DEF473C6DEF474C6DEF475C64D
:105C0000DEF4FF0E7215666F010E7315676F665135
:105C10007625686F67517721696F300E6827000E0F
:105C2000692320EE1AF06251D9266351DA2268C640
:105C3000DEF469C6DDF4000E12001550800B1E6EF6
:105C400015501524246E14AE28EFAEF02AEFAEF0F6
:105C50002BEFAEF024802450D8B431EFAEF033EF08
:105C6000AEF046EFAEF02428D8A439EFAEF03BEF0B
:105C7000AEF043EFAEF0000E126E000E136E000E8B
:105C8000146E000E156E148E4EEFAEF0000E126EF6
:105C9000000E136E000E146E000E156E1950800B60
:105CA0001E1A195019241F6E18AE59EFAEF05BEF93
:105CB000AEF05CEFAEF01F801F50D8B462EFAEF0D4
:105CC00064EFAEF077EFAEF01F28D8A46AEFAEF025
:105CD0006CEFAEF074EFAEF0000E166E000E176EA5
:105CE000000E186E000E196E188E7FEFAEF0000ECB
:105CF000166E000E176E000E186E000E196E1F50F5
:105D0000D8B485EFAEF087EFAEF08FEFAEF0245051
:105D1000D8A48DEFAEF08FEFAEF099EFAEF0000E9D
:105D2000126E000E136E000E146E000E156E2FEF25
:105D3000B0F018501202F3C429F5F4C42AF5295022
:105D4000206E216A226A236A2A50256E266A276AF3
:105D5000286A17501302F3C429F5F4C42AF5295010
:105D60002026000E2122222223222A502526000E40
:105D700026222722282216501402F3C429F5F4C43F
:105D80002AF529502026000E2122222223222A50E1
:105D90002526000E26222722282222C523F521C5EA
:105DA00022F520C521F5206A16501302F3C429F507
:105DB000F4C42AF5295020262A502122000E22223E
:105DC000000E232217501202F3C429F5F4C42AF559
:105DD000295020262A502122000E2222000E2322A2
:105DE00022C523F521C522F520C521F5206A1650CC
:105DF0001202F3C429F5F4C42AF5295020262A50AA
:105E00002122000E2222000E232218501302F3C476
:105E100029F5F4C42AF5295025262A502622000EF9
:105E20002722000E282217501402F3C429F5F4C4C7
:105E30002AF5295025262A502622000E2722000E58
:105E4000282218501402F3C429F5F4C42AF5295065
:105E50001A6E2A501B6E1C6A1D6A1CC51DF51BC5D7
:105E60001CF51AC51BF51A6A1A5025261B50262246
:105E70001C5027221D50282220C51AF521C51BF5CC
:105E800022C51CF523C51DF5190E4CEFAFF0D890B7
:105E90001D321C321B321A32E82E47EFAFF01A5077
:105EA00025261B5026221C5027221D50282222C5A1
:105EB00023F521C522F520C521F5206A1F5024C5F0
:105EC0001AF51B6A1A26000E1B22820E1A24296E4E
:105ED000FF0E1B202A6E82EFAFF0D89025362636B3
:105EE0002736283623AE77EFAFF079EFAFF07AEFB1
:105EF000AFF02580D8902036213622362336290669
:105F0000D8A02A0627AE87EFAFF089EFAFF06DEF8C
:105F1000AFF01F6A23AE8FEFAFF091EFAFF0B5EFA8
:105F2000AFF0FF0E20141A6EFF0E21141B6EFF0E31
:105F300022141C6E7F0E23141D6E1A501B101C1091
:105F40001D10D8B4A6EFAFF0A8EFAFF0ACEFAFF0F4
:105F5000010E1F6EB5EFAFF025A0B1EFAFF0B3EFBC
:105F6000AFF0B5EFAFF0A8EFAFF01F50D8B4BBEF74
:105F7000AFF0BDEFAFF0E1EFAFF0010E2526000E60
:105F800026222722282228A0C8EFAFF0CAEFAFF0C0
:105F9000E1EFAFF025C51AF526C51BF527C51CF5A1
:105FA00028C51DF51D341D321C321B321A321AC58C
:105FB00025F51BC526F51CC527F51DC528F5294A5D
:105FC0002A2A2ABEECEFAFF02A5008E12928D8A0EF
:105FD000ECEFAFF0EEEFAFF0F8EFAFF0000E256EA4
:105FE000000E266E800E276E7F0E286E25EFB0F015
:105FF0002ABE05EFB0F02A5006E12904D8B003EF1D
:10600000B0F005EFB0F010EFB0F0000E256E000E0E
:10601000266E000E276E000E286E1E6A25EFB0F069
:1060200029C524F5FF0E2516FF0E26167F0E27160E
:10603000000E281624A01FEFB0F021EFB0F022EFE1
:10604000B0F0278ED8902430286E1E50281225C517
:1060500012F526C513F527C514F528C515F5120048
:1060600024C6D9F425C6DAF4DEC43CF6DDC43DF618
:10607000060129512811271109E1020E265DD8A039
:1060800044EFB0F046EFB0F05BEFB0F020EE14F06C
:106090003C51D9263D51DA22DE50265DDE5027598B
:1060A000DE502859DE502959D8A059EFB0F05BEFE7
:1060B000B0F065EFB0F0010E366F000E376F000ED6
:1060C000386F000E396F1DEFB2F0366937693869E5
:1060D00039690AEFB2F026C63AF627C63BF6D890E1
:1060E0003B312B6F3A312A6F2A513A272B513B23F0
:1060F0003CC619F63DC61AF620EE20F03C51D926D2
:106100003D51DA22DEC42AF6DEC42BF6DEC42CF6BC
:10611000DEC42DF63AC62EF63BC62FF6090E306FBA
:10612000D8902F332E33302F90EFB0F02E512A25F8
:106130001B6F2F512B211C6F000E2C211D6F000E89
:106140002D211E6F21ECEAF00009D8B4AAEFB0F0BF
:10615000ACEFB0F0AEEFB0F01DEFB2F0FF0E060105
:106160003A152A6F010E3B152B6F2A513C252C6FD7
:106170002B513D212D6F300E2C25D96E000E2D2177
:10618000DA6EDF502E6F2E51346F356B3A4B3B2B4E
:106190003CC619F63DC61AF620EE20F03C51D92631
:1061A0003D51DA22DEC42AF6DEC42BF6DEC42CF61C
:1061B000DEC42DF63AC62EF63BC62FF6090E306F1A
:1061C000D8902F332E33302FE0EFB0F02E512A2508
:1061D0001B6F2F512B211C6F000E2C211D6F000EE9
:1061E0002D211E6F21ECEAF00009D8B4FAEFB0F0CF
:1061F000FCEFB0F0FEEFB0F01DEFB2F0FF0E0601C5
:106200003A152A6F010E3B152B6F2A513C252C6F36
:106210002B513D212D6F300E2C25D96E000E2D21D6
:10622000DA6EDF502E6F2E51306F2F6B2F513413DB
:106230003051351326B11FEFB1F021EFB1F029EF46
:10624000B1F0FF0E3415326F0F0E3515336F39EF85
:10625000B1F034C62AF635C62BF6040E2C6FD89052
:106260002B332A332C2F2FEFB1F02AC632F62BC650
:1062700033F632C636F633C637F6386B396B1DEF58
:10628000B2F03CC619F63DC61AF620EE20F03C519D
:10629000D9263D51DA22DEC42AF6DEC42BF6DEC44E
:1062A0002CF6DEC42DF626C62EF627C62FF628C6F7
:1062B00030F629C631F62FC62EF630C62FF631C677
:1062C00030F6316B2A512E251B6F2B512F211C6F5D
:1062D0002C5130211D6F2D5131211E6F21ECEAF020
:1062E0000009D8B476EFB1F078EFB1F07AEFB1F001
:1062F0001DEFB2F026C62AF627C62BF6D890060167
:106300002A372B37FF0E2A152C6F010E2B152D6FF8
:106310002C513C252E6F2D513D212F6F300E2E25F7
:10632000046E000E2F21056E42ECFAF004C536F61D
:1063300005C537F60601386B396B1DEFB2F03CC668
:1063400019F63DC61AF620EE20F03C51D9263D51F3
:10635000DA22DEC42AF6DEC42BF6DEC42CF6DEC456
:106360002DF626C62EF627C62FF628C630F629C6E5
:1063700031F6080EC1EFB1F0D890313330332F33FE
:106380002E33E82EBCEFB1F02A512E251B6F2B5176
:106390002F211C6F2C5130211D6F2D5131211E6F6B
:1063A00021ECEAF00009D8B4D8EFB1F0DAEFB1F09F
:1063B000DCEFB1F01DEFB2F026C62AF627C62BF6A9
:1063C0000601D8902A372B37D8902A372B37FF0E63
:1063D0002A152C6F010E2B152D6F2C513C252E6F7D
:1063E0002D513D212F6F300E2E25046E000E2F21D2
:1063F000056EB2ECEBF0FF0E04140601366FFF0ED3
:106400000514376FFF0E0614386F0F0E0714396F1F
:106410001DEFB2F03CC6D9F43DC6DAF4DF50010AF4
:10642000D8B46BEFB0F0030AD8B441EFB1F0010A71
:10643000D8B49FEFB1F05BEFB0F036C624F637C6A4
:1064400025F638C626F639C627F612000601FF6B78
:1064500007012F6B306BC9ECF1F012ECF2F0430E38
:106460000501AD6FFF0EAE6F510EAF6FFB0EB06F3B
:10647000ECECFAF044ECFBF0AFECF4F0D1ECF9F01A
:10648000CAECEDF0BBC524F7BCC525F734ECC2F06F
:1064900020ECF8F00601BCBF52EFB2F050EFB2F0C2
:1064A00054EFB2F052EFB2F0D68EB19EA18E000E34
:1064B0000701D66F010ED56F370E0501AD6FFF0EC8
:1064C000AE6FECECFAF0060E0501AD6FFE0EAE6F8E
:1064D000ECECFAF0DB0E0501AD6FFE0EAE6FECECEE
:1064E000FAF0040E0501AD6FFF0EAE6FECECFAF0A2
:1064F000F70E0501AD6FFE0EAE6FECECFAF0660E16
:106500000501AD6FFF0EAE6FECECFAF0FC0E05016D
:10651000AD6FFF0EAE6FECECFAF0E7ECF8F0045064
:106520000701D76FD86B300ED719D811D8B49BEFAD
:10653000B2F09DEFB2F0C5EFB2F0310ED719D8111D
:10654000D8B4A5EFB2F0A7EFB2F0C5EFB2F0320EBB
:10655000D719D811D8B4AFEFB2F0B1EFB2F0C5EFA0
:10656000B2F0330ED719D811D8B4B9EFB2F0BBEFEF
:10657000B2F0C5EFB2F0340ED719D811D8A4C3EFDA
:10658000B2F0C5EFB2F0D2EFB2F0D751A2ECFBF00F
:10659000080EA2ECFBF0D00E0701D725D56FFF0E39
:1065A000D821D66F0D0ED719D811D8B4DAEFB2F0C2
:1065B000DCEFB2F0E6EFB2F00A0ED719D811D8A48A
:1065C000E4EFB2F0E6EFB2F08DEFB2F05D0E050150
:1065D000AD6FF60EAE6FECECFAF00C0E0701176F14
:1065E0007F0E186F010E196F000ED86F000ED76F57
:1065F00073EFB3F0C3ECA7F057EFB2F03A6B1E0E97
:106600007C6FFF0E7D6F000E7E6F000E7F6F000EA1
:10661000806F000E816FBAECD4F07CC7D7F77DC7CE
:10662000D8F7010E0601FF6F91EFB3F03A6B110E30
:106630007C6FFF0E7D6F000E7E6F000E7F6F000E71
:10664000806F000E816FBAECD4F07CC7D7F77DC79E
:10665000D8F711EFB3F0A00E0601B66FFF0EB76FBB
:10666000D9ECE0F0310E07017C6F070E7D6FBAECBC
:10667000D0F007017DBF41EFB3F03FEFB3F04AEF39
:10668000B3F09D0E0501AD6FFE0EAE6FECECFAF0AF
:1066900048EFB3F051ECE6F00601FF6B91EFB3F079
:1066A000B90E0601B66FFF0EB76FD9ECE0F0310EF0
:1066B00007017C6F070E7D6F03ECF0F007017DBFD3
:1066C00066EFB3F064EFB3F06FEFB3F09D0E05012A
:1066D000AD6FFE0EAE6FECECFAF06DEFB3F0EDECDB
:1066E000E4F011EFB3F0D5C7CFF7D6C7D0F7D0514C
:1066F000000AD8B47EEFB3F050EFB3F0CF51000AE8
:10670000D8B4FAEFB2F0010AD8B4FEEFB2F0030A3F
:10671000D8B416EFB3F0010AD8B42BEFB3F050EFB2
:10672000B3F00701D751D811D8B499EFB3F09BEF6C
:10673000B3F0A4EFB3F0BF0E0501AD6FFB0EAE6F6B
:10674000ECECFAF0A2EFB3F0000E166E240E176E0A
:10675000F40E186E410E196E04014351046E44513B
:10676000056E4551066E076A000E91ECCCF004C52B
:1067700012F505C513F506C514F507C515F51DEC8D
:10678000AEF012C52BF513C52CF514C52DF515C5A6
:106790002EF5000E2F6E240E306E740E316E490EE3
:1067A000326EC2ECB5F02BC5D1F72CC5D2F72DC592
:1067B000D3F72EC5D4F71B0E0501AD6FFE0EAE6FDD
:1067C000D1C7AFF5D2C7B0F5D3C7B1F5D4C7B2F5CD
:1067D000ECECFAF05D0E0501AD6FF60EAE6FECEC71
:1067E000FAF094ECFAF0C3ECF6F081EF00F00EC58D
:1067F000D9F40FC5DAF4DEC418F5DDC419F51C0EA2
:106800000C241C6E000E0D201D6E1CC504F51DC54C
:1068100005F5000E076E200E066E000E096E0B0EBB
:10682000086E0AECFAF0000E1F6E000E1E6E1EC5FA
:106830001AF51FC51BF5000E176E080E166E1A50BE
:106840001824106E1B501920116E10C5F6F411C5D6
:10685000F7F4000EF86E250EF76403D00800F5502B
:1068600005D0F6C4E9F4F7C4EAF4EF50206E1A4AF2
:106870001B2A210E20603FEFB4F041EFB4F043EF4C
:10688000B4F05AEFB5F02F0E2018D8B44AEFB4F098
:106890004CEFB4F059EFB4F05C0E2018D8A453EFCD
:1068A000B4F055EFB4F099EFB4F059EFB4F01A4AE0
:1068B0001B2A1A501824106E1B501920116E10C577
:1068C000F6F411C5F7F4000EF86E250EF76403D048
:1068D0000800F55005D0F6C4E9F4F7C4EAF4EF5027
:1068E0002F0AD8B476EFB4F078EFB4F057EFB4F0E5
:1068F0001A501824106E1B501920116E10C5F6F492
:1069000011C5F7F4000EF86E250EF76403D00800E9
:10691000F55005D0F6C4E9F4F7C4EAF4EF505C0A88
:10692000D8B495EFB4F097EFB4F057EFB4F05AEF56
:10693000B5F02E0E2018D8B4A0EFB4F0A2EFB4F04A
:10694000ADEFB4F016501E5C17501F58D8A0ABEF37
:10695000B4F0ADEFB4F0CDEFB4F00B0E1618171085
:10696000D8B4B5EFB4F0B7EFB4F0C0EFB4F02E0E7A
:106970002018D8B4BEEFB4F0C0EFB4F0C3EFB4F059
:10698000060EC1EFB5F0000E1F6E080E1E6E000E53
:10699000176E0B0E166E1FEFB4F02050B5ECEFF033
:1069A00004500510D8B4D7EFB4F0D9EFB4F028EF05
:1069B000B5F01A501824106E1B501920116E10C516
:1069C000F6F411C5F7F4000EF86E250EF76403D047
:1069D0000800F55005D0F6C4E9F4F7C4EAF4EF5026
:1069E000156E1A4A1B2A1550A8ECE7F00450051042
:1069F000D8B4FDEFB4F0FFEFB4F0C0EFB4F0FF0E89
:106A00001624106EFF0E1720116E10501E5C1150D0
:106A10001F58D8A00EEFB5F010EFB5F012EFB5F09B
:106A2000C0EFB4F01E501C24D96E1F501D20DA6E2A
:106A300020C5DFF41E4A1F2A1E501C24D96E1F5089
:106A40001D20DA6E15C5DFF41E4A1F2A1FEFB4F0B1
:106A5000CC0E046EFE0E056E20C506F5076AF1EC3D
:106A6000F6F004500510D8B438EFB5F03AEFB5F0B1
:106A70003CEFB5F0C0EFB4F0600E206442EFB5F02B
:106A800044EFB5F04EEFB5F07B0E20604AEFB5F065
:106A90004CEFB5F04EEFB5F0200E205E1E501C24DA
:106AA000D96E1F501D20DA6E20C5DFF41E4A1F2A42
:106AB0001FEFB4F01A501824106E1B501920116EDD
:106AC0000EC5D9F40FC5DAF410C5DEF411C5DDF436
:106AD0001E501F10D8A46FEFB5F071EFB5F073EF33
:106AE000B5F0C0EFB4F01CC5D9F41DC5DAF4E50E5D
:106AF000DE18D8A47EEFB5F080EFB5F086EFB5F0E4
:106B00001CC5D9F41DC5DAF4050EDF6E200E206415
:106B10008CEFB5F08EEFB5F0B4EFB5F01A50182445
:106B2000106E1B501920116E10C5F6F411C5F7F444
:106B3000000EF86E250EF76403D00800F55005D05E
:106B4000F6C4E9F4F7C4EAF4EF50126E200E1264B2
:106B5000ACEFB5F0AEEFB5F0B4EFB5F0000E146EDB
:106B6000000E136EB8EFB5F0000E146E040E136E27
:106B700020EE0BF01C50D9261D50DA2213C5DFF48D
:106B8000000E12002E50800B3B6E2E502E24426EB3
:106B90002DAECDEFB5F0CFEFB5F0D0EFB5F0428030
:106BA0004250D8B4D6EFB5F0D8EFB5F0ECEFB5F071
:106BB0004228D8A4DEEFB5F0E0EFB5F0E8EFB5F08D
:106BC000000E2B6E000E2C6E000E2D6E000E2E6E23
:106BD0002D8E2E6AF4EFB5F0000E2B6E000E2C6E8B
:106BE000000E2D6E000E2E6E3250800B3B1A32506E
:106BF0003224436E31AEFFEFB5F001EFB6F002EF95
:106C0000B6F043804350D8B408EFB6F00AEFB6F0C0
:106C10001EEFB6F04328D8A410EFB6F012EFB6F08E
:106C20001AEFB6F0000E2F6E000E306E000E316EB1
:106C3000000E326E318E326A26EFB6F0000E2F6EE5
:106C4000000E306E000E316E000E326E2F5030107E
:106C500031103210D8A42FEFB6F031EFB6F049EF73
:106C6000B6F0000E2B6E000E2C6E000E2D6E000E78
:106C70002E6E800E2D127F0E2E123B502E122BC523
:106C80002BF52CC52CF52DC52DF52EC52EF589EF30
:106C9000B7F04250D8A44FEFB6F051EFB6F05BEF2B
:106CA000B6F0000E2B6E000E2C6E000E2D6E000E38
:106CB0002E6E89EFB7F0435042C533F5346A335E28
:106CC000000E345A7F0E33243C6E000E34203D6E8D
:106CD0002BC537F52CC538F52DC539F52EC53AF538
:106CE000000E2B6E000E2C6E000E2D6E000E2E6E02
:106CF000000E3E6E000E3F6E000E406E000E416EA6
:106D0000436ABBEFB6F04350D8B489EFB6F08BEFCF
:106D1000B6F0A2EFB6F0D8903736383639363A3674
:106D2000D8902B362C362D362E3641AE9AEFB6F053
:106D30009CEFB6F09DEFB6F02B80D8903E363F36F4
:106D4000403641362F50375C305038583150395822
:106D500032503A58D8A0AFEFB6F0B1EFB6F0BAEF74
:106D6000B6F0418C2F50375E3050385A3150395A76
:106D700032503A5A432A190E4364C1EFB6F0C3EFBA
:106D8000B6F083EFB6F03750381039103A10D8B457
:106D9000CCEFB6F0CEEFB6F0E6EFB6F03E80E6EF21
:106DA000B6F0D8902B362C362D362E3641AEDBEF92
:106DB000B6F0DDEFB6F0DEEFB6F02B80D8903E36C1
:106DC0003F36403641363C06D8A03D062DAEEBEFAF
:106DD000B6F0EDEFB6F0D1EFB6F0436A41AEF3EFA7
:106DE000B6F0F5EFB6F019EFB7F0FF0E3E14336EC4
:106DF000FF0E3F14346EFF0E4014356E7F0E4114AB
:106E0000366E3350341035103610D8B40AEFB7F060
:106E10000CEFB7F010EFB7F0010E436E19EFB7F0BB
:106E20002BA015EFB7F017EFB7F019EFB7F00CEF95
:106E3000B7F04350D8B41FEFB7F021EFB7F045EFEC
:106E4000B7F0010E2B26000E2C222D222E222EA072
:106E50002CEFB7F02EEFB7F045EFB7F02BC533F5B9
:106E60002CC534F52DC535F52EC536F536343632FC
:106E700035323432333233C52BF534C52CF535C5B4
:106E80002DF536C52EF53C4A3D2A3DBE50EFB7F0F4
:106E90003D5008E13C28D8A050EFB7F052EFB7F0D2
:106EA0005DEFB7F0000E3D6E3C68000E2B6E000EDD
:106EB0002C6E000E2D6E000E2E6E3DBE6AEFB7F0EA
:106EC0003D5006E13C04D8B068EFB7F06AEFB7F088
:106ED00077EFB7F0000E3D6E000E3C6E000E2B6E8D
:106EE000000E2C6E000E2D6E000E2E6E3B6A3CC501
:106EF00042F542A07EEFB7F080EFB7F083EFB7F036
:106F00002D8E84EFB7F02D9ED89042302E6E3DEF3F
:106F1000B6F012003EC6D9F43FC6DAF4DEC456F627
:106F2000DDC457F60601435107E1200E425DD8B09B
:106F30009CEFB7F09EEFB7F0B5EFB7F01F0E40151E
:106F4000446F000E4115456F000E4215466F000E4E
:106F50004315476F4451451146114711D8B4B3EF5B
:106F6000B7F0B5EFB7F0B8EFB7F0020E4EEFB9F0EB
:106F700020EE0EF03E51D9263F51DA2240C6DEF413
:106F800041C6DEF442C6DEF443C6DEF420EE06F06F
:106F90003E51D9263F51DA22DEC452F6DEC453F602
:106FA000DEC454F6DEC455F6525153115411551136
:106FB000D8A4DDEFB7F0DFEFB7F0F9EFB7F056C6C2
:106FC000D9F457C6DAF4020EDF64E9EFB7F0EBEF5D
:106FD000B7F0F9EFB7F020EE24F05651D92657510B
:106FE000DA22DEC452F6DEC453F6DEC454F6DEC442
:106FF00055F65251531154115511D8A402EFB8F05F
:1070000004EFB8F04EEFB8F020EE08F05651D92654
:107010005751DA22DEC444F6DDC445F64451466FCA
:107020004551476F486B496B40C64AF641C64BF61F
:1070300042C64CF643C64DF6060E24EFB8F0D89083
:107040004D334C334B334A33E82E1FEFB8F04651E3
:107050004A5D47514B5948514C5949514D59D8A057
:1070600034EFB8F036EFB8F038EFB8F0B5EFB7F06E
:1070700020EE24F05651D9265751DA2210EE16F0A0
:107080003E51E1263F51E222DEC4E6F4DEC4E6F4DE
:10709000DEC4E6F4DEC4E6F4F1EFB8F020EE0AF068
:1070A0005651D9265751DA22DEC444F6DDC445F6DE
:1070B0004451466F4551476F486B496B090ED89054
:1070C0004637473748374937E82E5FEFB8F046C6AE
:1070D0004EF647C64FF648C650F649C651F6C5EFBC
:1070E000B8F03EC624F63FC625F652C626F653C66D
:1070F00027F654C628F655C629F630ECB0F024C65B
:1071000052F625C653F626C654F627C655F606018E
:1071100052290AE1532908E1542906E15529D8A446
:1071200094EFB8F096EFB8F099EFB8F0010E4EEF8B
:10713000B9F055515411531109E1020E525DD8A016
:10714000A4EFB8F0A6EFB8F0B5EFB7F020EE14F06A
:107150005651D9265751DA22DE50525DDE5053592E
:10716000DE505459DE505559D8A0B9EFB8F0BBEFF6
:10717000B8F0BDEFB8F0B5EFB7F04E51405F4F51EA
:10718000415B5051425B5151435B4E51405D4F5109
:1071900041595051425951514359D8B0D2EFB8F0EA
:1071A000D4EFB8F071EFB8F056C610F557C611F528
:1071B00052C612F553C613F554C614F555C615F547
:1071C000BBECE9F0060120EE16F03E51D9263F5106
:1071D000DA2210C5DEF411C5DEF412C5DEF413C5E3
:1071E000DEF420EE12F03E51D9263F51DA2252C68B
:1071F000DEF453C6DEF454C6DEF455C6DEF420EEEB
:1072000016F03E51D9263F51DA22DE50DE10DE1054
:10721000DE10D8A40EEFB9F010EFB9F012EFB9F00C
:10722000B5EFB7F040C644F641C645F642C646F64D
:1072300043C647F60A0E22EFB9F0D89047334633DB
:1072400045334433E82E1DEFB9F020EE16F03E51E1
:10725000D9263F51DA224451DE264551DE224651DD
:10726000DE224751DE22FF0E4015446F010E41150C
:10727000456F44515625466F45515721476F300E93
:107280004627000E472320EE1AF03E51D9263F51E3
:10729000DA2246C6DEF447C6DDF4000E120006C749
:1072A000F4F507C7F5F5000E0501EF6F050EEE6F5B
:1072B0005AA25DEFB9F05FEFB9F075EFB9F0C60E05
:1072C000AD6FF60EAE6FDCC5AFF5DDC5B0F5DEC552
:1072D000B1F5DFC5B2F5E0C5B3F5E1C5B4F5E4C578
:1072E000B5F5E5C5B6F5ECECFAF0DCC51BF5DDC58A
:1072F0001CF5DEC51DF5DFC51EF5F80E1F6E050E6B
:10730000206E110E69ECECF01BC5F2F51CC5F3F50F
:107310000501F251F311D8B490EFB9F092EFB9F042
:1073200094EFB9F00BEFBBF0F851D8B49AEFB9F085
:107330009CEFB9F0A2EFB9F0000EF36F030EF26FFD
:107340000BEFBBF00B0E166EB80E156EFF0E2FEC8A
:10735000F9F00501F86FF829D8A4B1EFB9F0B3EF4F
:10736000B9F0B9EFB9F0000EF36F010EF26F0BEF49
:10737000BBF0FE0EF819D8B4C0EFB9F0C2EFB9F007
:10738000C4EFB9F09CEFB9F0000EF76F000EF66F86
:10739000000EEB6F000EEA6FF3EFB9F0F4C512F5D3
:1073A000F5C513F511ECFBF00501F86F07010AA113
:1073B000DCEFB9F0DEEFB9F0F0EFB9F0F6C504F5A7
:1073C000F7C505F5F80E066E050E076E000E096E80
:1073D000010E086E50ECEBF004C5F6F505C5F7F5A7
:1073E0000501EA4BEB2BE051EA5DE151EB59D8A0E6
:1073F000FCEFB9F0FEEFB9F0CEEFB9F0F4C504F54B
:10740000F5C505F5E2C506F5E3C507F5E4C508F5DC
:10741000E5C509F512ECBBF007010AA112EFBAF0BD
:1074200014EFBAF026EFBAF0F6C504F5F7C505F586
:10743000E2C506F5E3C507F5E4C508F5E5C509F5B8
:1074400050ECEBF004C5F6F505C5F7F5000E0501A7
:10745000ED6F000EEC6F52EFBAF0F4C512F5F5C502
:1074600013F511ECFBF00501F86F07010AA13BEFE2
:10747000BAF03DEFBAF04FEFBAF0F6C504F5F7C534
:1074800005F5F80E066E050E076E000E096E010E6C
:10749000086E50ECEBF004C5F6F505C5F7F50501EF
:1074A000EC4BED2BE0C5E6F5E1C5E7F5E61FE71F80
:1074B000E64BE72BE451E65FE551E75B000EE6257E
:1074C000E86F020EE721E96FE851EC5DE951ED59F3
:1074D000D8A06DEFBAF06FEFBAF02DEFBAF05AA264
:1074E00074EFBAF076EFBAF0A8EFBAF05AA67BEFD5
:1074F000BAF07DEFBAF0A8EFBAF0EF0EBB6FFF0E57
:10750000BC6FDCC5E6F5DDC5E7F5DEC5E8F5DFC532
:10751000E9F5090ED890E637E737E837E937E82E7E
:107520008AEFBAF0E051E625BD6FE151E721BE6F69
:10753000000EE821BF6F000EE921C06FE2C5C1F562
:10754000E3C5C2F5E4C5C3F5E5C5C4F547ECD9F01C
:10755000F4C512F5F5C513F511ECFBF00501F16F5B
:10756000F06BF4C512F5F5C513F511ECFBF0050150
:10757000E66FE651F01307010AA1C1EFBAF0C3EFBD
:10758000BAF006EFBBF00501F651F01909E1F75129
:10759000F119D8B4CEEFBAF0D0EFBAF006EFBBF0E5
:1075A0005A505B10D8B4D7EFBAF0D9EFBAF0EBEF7E
:1075B000BAF0290EAD6FF60EAE6FF6C5AFF5F7C592
:1075C000B0F5F0C5B1F5F1C5B2F5EEC5B3F5EFC54F
:1075D000B4F5ECECFAF00501EE07D8A0EF07EFBF29
:1075E000FCEFBAF0EF5106E1EE05D8B0FAEFBAF0D1
:1075F000FCEFBAF002EFBBF0000EF36F040EF26F77
:107600000BEFBBF0C3ECFAF075EFB9F0000E05011B
:10761000F36F000EF26FC3ECFAF0F2C5DCF5F3C5C0
:10762000DDF5120006C510F507C511F50850091063
:10763000D8A41DEFBBF01FEFBBF021EFBBF0A5EF0F
:10764000BCF009500001836F08C582F0070E0814D2
:107650000A6E000E09140B6E0A500B10D8A433EFFB
:10766000BBF035EFBBF04AEFBBF008C50AF509C522
:107670000BF5D8900B320A32D8900B320A32D890E0
:107680000B320A320B04D8A048EFBBF04AEFBBF034
:1076900080EFBBF08169000E0E6E010E0D6E64EF7F
:1076A000BBF000018169B1A058EFBBF05AEFBBF00D
:1076B00053EFBBF010C5D9F411C5DAF480C0DFF484
:1076C000104A112A0D4A0E2A08500D5C09500E5816
:1076D000D8A06DEFBBF06FEFBBF051EFBBF0B1A0E6
:1076E00074EFBBF076EFBBF06FEFBBF010C5D9F4D1
:1076F00011C5DAF480C0DFF4104A112AA5EFBCF0FE
:1077000081698169B1A087EFBBF089EFBBF082EF9F
:10771000BBF010C5D9F411C5DAF480C0DFF4104A0B
:10772000112A00018169B1A098EFBBF09AEFBBF07C
:1077300093EFBBF010C5D9F411C5DAF480C0DFF4C3
:10774000104A112A00018169B1A0A9EFBBF0ABEF8B
:10775000BBF0A4EFBBF010C5D9F411C5DAF480C0BA
:10776000DFF4104A112A00018169B1A0BAEFBBF021
:10777000BCEFBBF0B5EFBBF010C5D9F411C5DAF41E
:1077800080C0DFF4104A112A00018169B1A0CBEF5B
:10779000BBF0CDEFBBF0C6EFBBF010C5D9F411C5FF
:1077A000DAF480C0DFF4104A112A00018169B1A027
:1077B000DCEFBBF0DEEFBBF0D7EFBBF010C5D9F4C8
:1077C00011C5DAF480C0DFF4104A112A0001816982
:1077D000B1A0EDEFBBF0EFEFBBF0E8EFBBF010C5F1
:1077E000D9F411C5DAF480C0DFF4104A112A08C5B3
:1077F0000AF509C50BF5D8900B320A32D8900B3236
:107800000A32D8900B320A320A500C6E010E0F6EFB
:1078100093EFBCF000018169B1A011EFBCF013EF50
:10782000BCF00CEFBCF010C5D9F411C5DAF480C07F
:10783000DFF4104A112A00018169B1A022EFBCF0E7
:1078400024EFBCF01DEFBCF010C5D9F411C5DAF47B
:1078500080C0DFF4104A112A00018169B1A033EF22
:10786000BCF035EFBCF02EEFBCF010C5D9F411C55B
:10787000DAF480C0DFF4104A112A00018169B1A056
:1078800044EFBCF046EFBCF03FEFBCF010C5D9F4BC
:1078900011C5DAF480C0DFF4104A112A00018169B1
:1078A000B1A055EFBCF057EFBCF050EFBCF010C5E5
:1078B000D9F411C5DAF480C0DFF4104A112A0001AE
:1078C0008169B1A066EFBCF068EFBCF061EFBCF07D
:1078D00010C5D9F411C5DAF480C0DFF4104A112ABA
:1078E00000018169B1A077EFBCF079EFBCF072EFD5
:1078F000BCF010C5D9F411C5DAF480C0DFF4104A29
:10790000112A00018169B1A088EFBCF08AEFBCF0B8
:1079100083EFBCF010C5D9F411C5DAF480C0DFF4F0
:10792000104A112A0F2A0C500F5CD8A09AEFBCF015
:107930009CEFBCF00AEFBCF0B1A0A1EFBCF0A3EF4C
:10794000BCF09CEFBCF076EFBBF01200060120EE1D
:1079500004F02451D9262551DA22DF6A20EE2CF0DA
:107960002451D9262551DA22FF0EDE6EFF0EDE6E7F
:10797000FF0EDE6EFF0EDD6E24C619F625C61AF662
:1079800026C61BF627C61CF628C61DF629C61EF6F7
:1079900021ECEAF00009D8B4D0EFBCF0D2EFBCF093
:1079A000D9EFBCF0000E0601256F040E246F1BEF0B
:1079B000BEF02E0E06012425046E020E2521056E52
:1079C00042ECFAF004C52DF605C52EF6060120EEB0
:1079D00030F02451D9262551DA22DF50316FEB0ED9
:1079E0003119D8B4F6EFBCF0F8EFBCF00AEFBDF0F7
:1079F000E90E3119D8B4FFEFBCF001EFBDF00AEF8A
:107A0000BDF0E80E3119D8A408EFBDF00AEFBDF0C3
:107A100004EFBEF0550E2D1907E1AA0E2E19D8A4B9
:107A200014EFBDF016EFBDF036EFBDF0820E242549
:107A3000046E000E2521056E970E066EFF0E076E72
:107A4000000E096E080E086EEEECE8F0045005100A
:107A5000D8A42DEFBDF02FEFBDF036EFBDF0000E36
:107A60000601256F000E246F1BEFBEF03B0E0601D2
:107A70002425046E000E2521056E42ECFAF004C5A3
:107A80002FF605C530F6060120EE3DF02451D9262B
:107A90002551DA22DF50316FFF0E2F252A6FFF0E9E
:107AA00030212B6F2F512A1730512B172A512B11B0
:107AB000D8A45DEFBDF05FEFBDF004EFBEF0020EA5
:107AC000305DD8A066EFBDF068EFBDF004EFBEF00A
:107AD0002F05020E3059D8B070EFBDF072EFBDF037
:107AE00004EFBEF03151D8B478EFBDF07AEFBDF0BD
:107AF00004EFBEF0FF0E31252A6F2B6BFF0E2B23F8
:107B000031512A17000E2B172A512B11D8A48BEFB5
:107B1000BDF08DEFBDF004EFBEF03E0E2425046EE7
:107B2000000E2521056E42ECFAF004500510D8B481
:107B30009CEFBDF09EEFBDF004EFBEF0060120EE1D
:107B400040F02451D9262551DA22DF502A6FFF0E4A
:107B50002A252B6F2C6BFF0E2C232C5107E1020ED4
:107B60002B5DD8B0B6EFBDF0B8EFBDF004EFBEF0BE
:107B7000410E2425046E000E2521056E42ECFAF01C
:107B800004500510D8B4C7EFBDF0C9EFBDF004EF45
:107B9000BEF0430E06012425046E000E2521056E5D
:107BA00042ECFAF0055007E1800E045CD8B0DBEF40
:107BB000BDF0DDEFBDF0F0EFBDF0500E0601242565
:107BC000046E000E2521056EB2ECEBF0075008E1C3
:107BD0000604D8A0EEEFBDF0F0EFBDF004EFBEF06C
:107BE000460E06012425046E000E2521056E42EC8A
:107BF000FAF004500510D8B400EFBEF002EFBEF06A
:107C000004EFBEF02FEFBDF0550E06012D1909E16E
:107C1000AA0E2E19D8B40FEFBEF011EFBEF017EF79
:107C2000BEF0000E256F030E246F1BEFBEF0000E9A
:107C3000256F020E246F12000601806F07011E518E
:107C40001F11D8B426EFBEF028EFBEF032EFBEF021
:107C50005E0E0501AD6FFC0EAE6F80C6AFF5B06B6A
:107C6000ECECFAF006018051D8B439EFBEF03BEFEE
:107C7000BEF04FEFBEF007011E511F11D8B443EF05
:107C8000BEF045EFBEF04CEFBEF0550E0501AD6FF6
:107C9000FD0EAE6FECECFAF0020E85EFBFF00701BF
:107CA0001E511F11D8B457EFBEF059EFBEF060EF70
:107CB000BEF0150E0501AD6FF90EAE6FECECFAF0EB
:107CC000000E0501DC6F000EDD6F000EDE6F000E92
:107CD000DF6F010EE16F800EE06F000EE26F060EA7
:107CE000E36F000EE56F800EE46F4FECB9F0050115
:107CF000DC51DD11D8B47FEFBEF081EFBEF094EF20
:107D0000BEF007011E511F11D8B489EFBEF08BEFF2
:107D1000BEF04CEFBEF0100E0501AD6FFC0EAE6F65
:107D2000ECECFAF04CEFBEF007011E511F11D8B475
:107D30009CEFBEF09EEFBEF0ADEFBEF08F0E0501E2
:107D4000BB6FFC0EBC6F000EBD6F060EBE6F000E4B
:107D5000C06F800EBF6F00ECDAF0550E06017E1981
:107D6000D8A4B5EFBEF0B7EFBEF0C0EFBEF0AA0EDC
:107D70007F19D8B4BEEFBEF0C0EFBEF0D3EFBEF0B7
:107D800007011E511F11D8B4C8EFBEF0CAEFBEF0F4
:107D90004CEFBEF02F0E0501AD6FFE0EAE6FECEC9A
:107DA000FAF04CEFBEF04205D8B4D9EFBEF0DBEFED
:107DB000BEF01BEFBFF0040E4219D8B4E2EFBEF0E4
:107DC000E4EFBEF01BEFBFF0060E4219D8B4EBEFA4
:107DD000BEF0EDEFBEF01BEFBFF00B0E4219D8B4B2
:107DE000F4EFBEF0F6EFBEF01BEFBFF00C0E421941
:107DF000D8B4FDEFBEF0FFEFBEF01BEFBFF00E0EEC
:107E00004219D8B406EFBFF008EFBFF01BEFBFF088
:107E100007011E511F11D8B410EFBFF012EFBFF0D1
:107E20004CEFBEF0F10E0501AD6FFD0EAE6FECEC48
:107E3000FAF04CEFBEF049510701D96FDA6BDB6BFA
:107E4000DC6B06014851D9C7FAF5DAC7FBF5DBC789
:107E5000FCF50501F96BF9110701D96F0501FA511C
:107E60000701DA6F0501FB510701DB6F0501FC51CA
:107E70000701DC6F06014751D9C7FAF5DAC7FBF5F0
:107E8000DBC7FCF50501F96BF9110701D96F050195
:107E9000FA510701DA6F0501FB510701DB6F05019C
:107EA000FC510701DC6F06014651D9C7FAF5DAC764
:107EB000FBF5DBC7FCF50501F96BF9110701D96F7B
:107EC0000501FA510701DA6F0501FB510701DB6F6C
:107ED0000501FC510701DC6F1E511F11D8B473EF6F
:107EE000BFF075EFBFF084EFBFF07F0E0501AD6FFF
:107EF000FA0EAE6FD9C7AFF5DAC7B0F5DBC7B1F58B
:107F0000DCC7B2F5ECECFAF0000E1200000E046EC5
:107F1000010E056E000E066E000E076E590E086EFD
:107F2000070E096E000E0B6E120E0A6E0EECECF0D0
:107F300007015951D8B49FEFBFF0A1EFBFF0A2EFF6
:107F4000C0F0E8ECCFF0000E046E010E056E000EDE
:107F5000066E000E076E590E086E070E096E000EB3
:107F60000B6E020E0A6EC4ECECF0E9EFC0F0E7EC29
:107F7000F8F004500701606FD5EFC0F06051A2EC3B
:107F8000FBF0D5EFC0F028512911D8A4CAEFBFF0FB
:107F9000CCEFBFF0D3EFBFF0000E0601A66F000ECE
:107FA000A56FD7EFBFF0000E0601A66FA569A5C6A5
:107FB00060F7D5EFC0F07C0E0601A76F180EA86F12
:107FC00060C7A9F6AA6B67C704F568C705F569C756
:107FD00006F56AC707F5A7C608F5A8C609F5A9C634
:107FE0000AF5AAC60BF50EECECF004EFC0F0A7C63C
:107FF000D9F4A8C6DAF4DF50A2ECFBF00601A74BD7
:10800000A82BA907D8A0AA070601A951AA11D8A48C
:108010000CEFC0F00EEFC0F0F7EFBFF0D5EFC0F0FF
:1080200071ECF8F004500510D8B419EFC0F01BEF54
:10803000C0F01FEFC0F0F0ECFBF0D5EFC0F061EC4A
:10804000DBF006019A519B11D8B429EFC0F02BEF59
:10805000C0F0D5EFC0F01BEFC0F071ECF8F00450A9
:108060000510D8B436EFC0F038EFC0F03AEFC0F0EA
:108070001BEFC0F02AECD3F006019A519B11D8B443
:1080800044EFC0F046EFC0F0D5EFC0F01BEFC0F0FA
:10809000B7ECDCF00701606FD5EFC0F0F0ECE2F078
:1080A0000701606FD5EFC0F028512911D8B45BEFFC
:1080B000C0F05DEFC0F05FEFC0F0B7EFBFF0606BF6
:1080C000D5EFC0F060C7A4F60601A45153ECFBF055
:1080D0000701606FD5EFC0F07C0E0601A76F180E88
:1080E000A86FA7C604F5A8C605F560C706F550EC4D
:1080F000F0F004C5A9F605C5AAF6A9C660F7060101
:10810000A951AA11D8B487EFC0F089EFC0F0D5EF1C
:10811000C0F067C704F568C705F569C706F56AC703
:1081200007F5A7C608F5A8C609F5A9C60AF5AAC69F
:108130000BF5C4ECECF0D5EFC0F0605162ECFBF055
:10814000D5EFC0F05F51010AD8B4B7EFBFF0030A12
:10815000D8B4BEEFBFF0010AD8B4C3EFBFF0070A2E
:10816000D8B4DBEFBFF0010AD8B410EFC0F0030AB7
:10817000D8B42DEFC0F0010AD8B448EFC0F00F0A10
:10818000D8B44EEFC0F0010AD8B454EFC0F0030ADF
:10819000D8B462EFC0F0010AD8B46CEFC0F0070A9F
:1081A000D8B49DEFC0F0D5EFC0F007015F6B060EAD
:1081B000046E010E056E000E066E000E076E5F0E59
:1081C000086E070E096E000E0B6E020E0A6EC4ECEE
:1081D000ECF01200000E046E010E056E000E066E2D
:1081E000000E076E470E086E070E096E000E0B6E2E
:1081F000120E0A6E0EECECF007014751D8B403EFF3
:10820000C1F005EFC1F0ECEFC1F016ECCFF0000EBD
:10821000046E010E056E000E066E000E076E470E10
:10822000086E070E096E000E0B6E020E0A6EC4EC8D
:10823000ECF033EFC2F0E7ECF8F0045007014E6FBA
:108240001FEFC2F04E51A2ECFBF01FEFC2F028511D
:108250002911D8A42EEFC1F030EFC1F037EFC1F0F3
:10826000000E06019D6F000E9C6F3BEFC1F0000EEB
:1082700006019D6F9C699CC64EF71FEFC2F07C0EF5
:1082800006019E6F180E9F6F4EC7A0F6A16B55C7D3
:1082900004F556C705F557C706F558C707F59EC636
:1082A00008F59FC609F5A0C60AF5A1C60BF50EECA8
:1082B000ECF068EFC1F09EC6D9F49FC6DAF4DF5047
:1082C000A2ECFBF006019E4B9F2BA007D8A0A107B4
:1082D0000601A051A111D8A470EFC1F072EFC1F056
:1082E0005BEFC1F01FEFC2F08BECD8F006019251AA
:1082F0009311D8B47EEFC1F080EFC1F01FEFC2F050
:10830000ECECFBF01FEFC2F06BECCDF006019251EC
:108310009311D8B48EEFC1F090EFC1F01FEFC2F00F
:1083200080EFC1F057ECDDF007014E6F1FEFC2F098
:108330005BECF2F007014E6F1FEFC2F028512911DC
:10834000D8B4A5EFC1F0A7EFC1F0A9EFC1F01BEFC2
:10835000C1F04E6B1FEFC2F04EC79BF606019B515A
:1083600053ECFBF007014E6F1FEFC2F07C0E0601CD
:108370009E6F180E9F6F9EC604F59FC605F54EC7EB
:1083800006F550ECF0F004C5A0F605C5A1F6A0C6B0
:108390004EF70601A051A111D8B4D1EFC1F0D3EF2F
:1083A000C1F01FEFC2F055C704F556C705F557C712
:1083B00006F558C707F59EC608F59FC609F5A0C67D
:1083C0000AF5A1C60BF5C4ECECF01FEFC2F04E515C
:1083D00062ECFBF01FEFC2F04D51010AD8B41BEF65
:1083E000C1F0030AD8B422EFC1F0010AD8B427EFD4
:1083F000C1F0070AD8B43FEFC1F0010AD8B474EF56
:10840000C1F0030AD8B484EFC1F0010AD8B492EFE6
:10841000C1F00F0AD8B498EFC1F0010AD8B49EEFAA
:10842000C1F0030AD8B4ACEFC1F0010AD8B4B6EF7A
:10843000C1F0070AD8B4E7EFC1F01FEFC2F007019F
:108440004D6B060E046E010E056E000E066E000EDC
:10845000076E4D0E086E070E096E000E0B6E020EB3
:108460000A6EC4ECECF01200000E0501E16F000E84
:10847000E06F7C0EE025D96E180EE121DA6EA50EB4
:10848000DF6E7D0EE025D96E180EE121DA6E5A0EF0
:10849000DF6E020EE027000EE123E105D8A053EFC6
:1084A000C2F055EFC2F039EFC2F0000EE26F000EDD
:1084B000E36F000EE46F000EE56F250EAD6FFD0E4D
:1084C000AE6FE2C5AFF5E3C5B0F5E4C5B1F5E5C5FE
:1084D000B2F5ECECFAF026EE7CF0E2C5DFF426EE25
:1084E0007DF0E3C5DFF426EE7EF0E4C5DFF4E2C5FF
:1084F00004F5E3C505F5E4C506F5E5C507F57C0E0D
:10850000086E180E096E010E0B6E000E0A6EC4EC9A
:10851000ECF0E2C504F5E3C505F5E4C506F5E5C5EF
:1085200007F57C0E086E190E096E010E0B6E000E1B
:108530000A6E0EECECF07C0E046E180E056E7C0ECE
:10854000066E190E076E010E096E000E086EEEEC37
:10855000E8F004500510D8B4B0EFC2F0B2EFC2F0AA
:10856000F1EFC2F0440E0501AD6FFC0EAE6FE2C537
:10857000AFF5E3C5B0F5E4C5B1F5E5C5B2F5ECEC92
:10858000FAF0EA0E0501BB6FFF0EBC6FE2C5BDF548
:10859000E3C5BEF5E4C5BFF5E5C5C0F57C0EC16F0A
:1085A000180EC26F010EC46F000EC36F47ECD9F0F6
:1085B000E50E0501BB6FFF0EBC6FE2C5BDF5E3C55F
:1085C000BEF5E4C5BFF5E5C5C0F57C0EC16F190E5B
:1085D000C26F010EC46F000EC36F47ECD9F0EFEF0E
:1085E000C2F00501E251E311E411E511D8A4FBEF5B
:1085F000C2F0FDEFC2F0FFEFC2F031EFC3F0000EAA
:10860000046E000E056E000E066E000E076E7C0EE8
:10861000086E190E096E010E0B6E000E0A6E0EEC3E
:10862000ECF07C0E046E180E056E7C0E066E190EB4
:10863000076E010E096E000E086EEEECE8F00450B5
:108640000510D8A426EFC3F028EFC3F031EFC3F034
:108650009A0E0501AD6FFD0EAE6FECECFAF045EF32
:10866000C3F0000E0501E227100EE323000EE42301
:10867000000EE523E55109E1080EE45DD8A043EFC3
:10868000C3F045EFC3F05DEFC2F0E2C513F7E3C5F9
:1086900014F7E4C515F7E5C516F73B0E0501AD6FF8
:1086A000FA0EAE6FFF0EE225AF6FFF0EE321B06F43
:1086B000FF0EE421B16FFF0EE521B26F13C7DCF5A9
:1086C00014C7DDF515C7DEF516C7DFF50B0E6EEF27
:1086D000C3F0D890DF33DE33DD33DC33E82E69EFCF
:1086E000C3F0DCC5B3F5DDC5B4F5ECECFAF012006F
:1086F00045C6D9F446C6DAF4DEC45CF6DDC45DF6E0
:1087000006014A514911481109E1020E475DD8A0FE
:108710008CEFC3F08EEFC3F0A3EFC3F020EE14F0A4
:108720005C51D9265D51DA22DE50475DDE50485952
:10873000DE504959DE504A59D8A0A1EFC3F0A3EF4B
:10874000C3F0A6EFC3F0020E90EFC4F04B514C11F2
:108750004D114E11D8B4AFEFC3F0B1EFC3F0D4EF69
:10876000C3F05CC624F65DC625F64BC626F64CC69D
:1087700027F64DC628F64EC629F6FF0E2A6FFF0EC5
:108780002B6FFF0E2C6FFF0E2D6F95ECA0F00601E6
:108790005B6F5B51D8B4CFEFC3F0D1EFC3F0D4EF30
:1087A000C3F05B5190EFC4F045C624F646C625F6EB
:1087B00047C626F648C627F649C628F64AC629F609
:1087C00030ECB0F024C657F625C658F626C659F642
:1087D00027C65AF606015751581159115A11D8A4F3
:1087E000F4EFC3F0F6EFC3F0F8EFC3F08FEFC4F08F
:1087F0005705581159115A11D8A401EFC4F003EFCD
:10880000C4F005EFC4F0A3EFC3F057290AE15829DB
:1088100008E1592906E15A29D8A411EFC4F013EF51
:10882000C4F016EFC4F0010E90EFC4F05CC624F65D
:108830005DC625F647C626F648C627F649C628F679
:108840004AC629F6000E2A6F000E2B6F000E2C6F01
:10885000000E2D6F95ECA0F006015B6F5B51D8B454
:1088600034EFC4F036EFC4F038EFC4F0D1EFC3F00A
:1088700020EE14F05C51D9265D51DA22FE0EDE2482
:108880004F6FFF0EDE20506FFF0EDE20516FFF0E88
:10889000DE20526F20EE10F05C51D9265D51DA22B5
:1088A0004F51DE5C5051DE585151DE585251DE5866
:1088B000D8B05DEFC4F05FEFC4F072EFC4F020EE0B
:1088C00010F05C51D9265D51DA22DE2A000EDE223C
:1088D000DE22DE2220EE05F05C51D9265D51DA223F
:1088E000000EDB8057C647F658C648F659C649F60B
:1088F0005AC64AF620EE14F05C51D9265D51DA22B0
:10890000DE50475DDE504859DE504959DE504A5925
:10891000D8A08DEFC4F08FEFC4F0D4EFC3F0000EF9
:10892000120024C6BCF525C6BDF52D0E0501BE6F8F
:10893000060EBF6F71ECE3F006012A6F2A51D8A42E
:10894000A4EFC4F0A6EFC4F0A0EFC5F020EE0EF047
:108950002451D9262551DA22DFACB1EFC4F0B3EFB0
:10896000C4F0A0EFC5F020EE0EF02451D926255119
:10897000DA22DFAEBEEFC4F0C0EFC4F0FBEFC4F00C
:10898000220E24250501F76F000E060125210501A1
:10899000F86F060120EE18F02451D9262551DA226D
:1089A000DEC4F9F5DEC4FAF5DEC4FBF5DEC4FCF581
:1089B000000E0501FE6F010EFD6F060120EE01F0B5
:1089C0002D51D9262E51DA22DF5080ECD5F0000946
:1089D000D8B4EDEFC4F0EFEFC4F0F2EFC4F0010E45
:1089E000A1EFC5F0060120EE0EF02451D926255145
:1089F000DA227F0EDF16C9ECFBF004C526F605C5AA
:108A000027F606C528F607C529F62DC619F62EC67F
:108A10001AF6060120EE1CF02451D9262551DA223F
:108A2000DEC41BF6DEC41CF6DEC41DF6DEC41EF674
:108A300021ECEAF006012A6F2A51D8A422EFC5F0F2
:108A400024EFC5F0A0EFC5F020EE20F02451D92688
:108A50002551DA22DEC42BF6DDC42CF620EE0BF015
:108A60002B51D9262C51DA22000EDB8A24C6D9F4E8
:108A700025C6DAF4DEC408F5DDC409F52BC60AF50F
:108A80002CC60BF520EE06F02451D9262551DA220A
:108A9000DEC40CF5DEC40DF5DEC40EF5DEC40FF544
:108AA000C1ECF8F01C0E06012B25046E000E2C21E3
:108AB000056E20EE0AF02451D9262551DA22DEC4B3
:108AC00006F5DEC407F5DEC408F5DEC409F563EC7F
:108AD000F5F0160E06012B25046E000E2C21056EF6
:108AE00026C606F527C607F528C608F529C609F5DE
:108AF00063ECF5F0120E06012B25046E000E2C21FE
:108B0000056E000E076E000E066ED8ECFAF0060138
:108B100020EE04F02D51D9262E51DA22010EDF6EFF
:108B20002DC619F62EC61AF6A2ECC5F006012A6F5C
:108B300020EE0EF02451D9262551DA22BF0EDF1681
:108B40002A51120019C607F61AC608F6AEECCBF089
:108B50000601236F2351D8A4B0EFC5F0B2EFC5F0E2
:108B6000AEEFC6F019C6D9F41AC6DAF4030EDE1851
:108B7000D8A4BDEFC5F0BFEFC5F092EFC6F020EE70
:108B800005F01951D9261A51DA22DE04D8A4CBEF08
:108B9000C5F0CDEFC5F092EFC6F0300E1925046E8A
:108BA000000E1A21056E000E076E000E066E020EF4
:108BB000096E000E086E0AECFAF02E0E0601192559
:108BC000046E020E1A21056EAA0E076E550E066E71
:108BD000D8ECFAF0300E06011925046E000E1A21A9
:108BE000056E520E066E520E076E610E086E410E35
:108BF000096E63ECF5F0140E06011925046E020EE1
:108C00001A21056E720E066E720E076E410E086E08
:108C1000610E096E63ECF5F0180E06011925046E5D
:108C2000020E1A21056E20EE10F01951D9261A51A4
:108C3000DA22DEC406F5DEC407F5DEC408F5DEC4BC
:108C400009F563ECF5F01C0E06011925046E020E01
:108C50001A21056E20EE0CF01951D9261A51DA228C
:108C6000DEC406F5DEC407F5DEC408F5DEC409F58A
:108C700063ECF5F0060120EE1CF01951D9261A51CB
:108C8000DA22DEC41BF6DEC41CF6DEC41DF6DEC42A
:108C90001EF6010E1B251F6F000E1C21206F000EFB
:108CA0001D21216F000E1E21226F20EE2CF0195184
:108CB000D9261A51DA221FC6DEF420C6DEF421C6F8
:108CC000DEF422C6DEF4300E19250501F76F000E22
:108CD00006011A210501F86F060120EE2CF019514A
:108CE000D9261A51DA22DEC4F9F5DEC4FAF5DEC45B
:108CF000FBF5DEC4FCF5000E0501FE6F010EFD6FF5
:108D0000060120EE01F01951D9261A51DA22DF505E
:108D100080ECD5F0060120EE05F01951D9261A5144
:108D2000DA22DF6A000E0501BB6F000EBC6F000E79
:108D3000BD6F060120EE01F01951D9261A51DA2231
:108D4000DF506FECEEF00009D8B4A9EFC6F0ABEF3E
:108D5000C6F0AEEFC6F0010E0601236F06012351E7
:108D6000120084C6D9F485C6DAF4DEC48EF6DDC4FA
:108D70008FF6BEEFC6F00601864B872B86C6F6F44B
:108D800087C6F7F4000EF86E250EF76403D00800CE
:108D9000F55005D0F6C4E9F4F7C4EAF4EF502F0A11
:108DA000D8B4D5EFC6F0D7EFC6F0BBEFC6F086C695
:108DB000F6F487C6F7F4000EF86E250EF76403D0BC
:108DC0000800F55005D0F6C4E9F4F7C4EAF4EF5012
:108DD0005C0AD8B4EEEFC6F0F0EFC6F0BBEFC6F019
:108DE000060120EE06F08451D9268551DA22DE6A8A
:108DF000DE6ADE6ADD6A86C6F6F487C6F7F4000E20
:108E0000F86E250EF76403D00800F55005D0F6C4BF
:108E1000E9F4F7C4EAF4EF500601886F200E886188
:108E200014EFC7F016EFC7F030EFC7F020EE27F0D1
:108E30008451D9268551DA22800EDF6E84C63EF633
:108E400085C63FF6000E406F000E416F000E426F68
:108E5000000E436F8AECB7F00601916FBDEFC7F0CB
:108E600084C60CF585C60DF5860E0E6E060E0F6EC9
:108E7000F7ECB3F00601916F9151D8B442EFC7F00F
:108E800044EFC7F046EFC7F0BDEFC7F084C67CF6ED
:108E900085C67DF60AECD7F00601916F20EE27F02B
:108EA0008451D9268551DA22DF50906F9151D8B480
:108EB0005CEFC7F05EEFC7F072EFC7F0040E9119D8
:108EC000D8A465EFC7F067EFC7F0BDEFC7F090B566
:108ED0006CEFC7F06EEFC7F0BDEFC7F0050E916FF6
:108EE000BDEFC7F090A577EFC7F079EFC7F07BEF44
:108EF000C7F0BDEFC7F020EE04F08451D9268551AC
:108F0000DA22DFB886EFC7F088EFC7F08AEFC7F044
:108F10006EEFC7F08EC60BF58FC60CF520EE0EF087
:108F20008451D9268551DA22DEC488F6DDC489F65B
:108F3000FF0E88158A6F010E89158B6F8A518E2559
:108F40008C6F8B518F218D6F300E8C250D6E000E26
:108F50008D210E6EF4ECF3F0060120EE06F0845144
:108F6000D9268551DA220BC5DEF40CC5DEF40DC519
:108F7000DEF40EC5DEF430EFC7F0915112000BC7DE
:108F800054F50CC755F50DC756F50EC757F544C532
:108F900054F545C555F546C556F547C557F5810EF7
:108FA000486EFF0E496E54C54AF555C54BF556C57A
:108FB0004CF557C54DF5180EE3EFC7F0D8904D327C
:108FC0004C324B324A32E82EDEEFC7F04A5048248A
:108FD000526E000E4920536E53BEF8EFC7F0535047
:108FE00009E1170E525CD8A0F8EFC7F0FAEFC7F00E
:108FF00004EFC8F044C544F545C545F546C546F5FA
:1090000047C547F5C7EFC8F053BE09EFC8F00BEFEF
:10901000C8F07BEFC8F052C548F5FF0E496EFF0E51
:109020004A6E7F0E4B6E000E4C6E48661AEFC8F00B
:1090300022EFC8F04C344C324B324A324932482E7F
:1090400015EFC8F049C54EF54AC54FF54BC550F56B
:109050004CC551F54E505414486E4F505514496E3E
:10906000505056144A6E515057144B6E4850491088
:109070004A104B10D8A43FEFC8F041EFC8F043EFBF
:10908000C8F0FAEFC7F054C548F555C549F556C5BF
:109090004AF557C54BF5200E53EFC8F0D8904B3228
:1090A0004A3249324832E82E4EEFC8F04850491053
:1090B0004A104B10D8B45FEFC8F061EFC8F069EF09
:1090C000C8F04E5054264F50552250505622515001
:1090D00057224E1C486E4F1C496E501C4A6E511C44
:1090E0004B6E48505416495055164A5056164B5020
:1090F0005716BFEFC8F054C548F555C549F556C5D4
:109100004AF557C54BF5200E8BEFC8F0D8904B327F
:109110004A3249324832E82E86EFC8F048504910AA
:109120004A104B10D8A497EFC8F099EFC8F0A3EFFE
:10913000C8F0000E546E000E556E000E566E000EF6
:10914000576EBFEFC8F0D8905434486E5534496E0E
:1091500056344A6E57344B6E485049104A104B10E3
:10916000D8B4B5EFC8F0B7EFC8F0BFEFC8F0000E45
:10917000546E000E556E800E566EBF0E576E54C55F
:1091800044F555C545F556C546F557C547F5120092
:1091900020EE09F01350D9261450DA22DF6A20EEAF
:1091A00016F01150D9261250DA22DE50DE10DE10F1
:1091B000DE10D8A4DEEFC8F0E0EFC8F0E2EFC8F0B0
:1091C000C3EFC9F0000E1C6E000E1B6E1BC519F517
:1091D0001CC51AF540EFC9F020EE1AF01150D9263F
:1091E0001250DA22DEC415F5DDC416F51950152427
:1091F000D96E1A501620DA6EDF501D6E194A1A2ADF
:10920000200E1D18D8A407EFC9F009EFC9F00BEF25
:10921000C9F040EFC9F0050E1D18D8A412EFC9F02F
:1092200014EFC9F016EFC9F0E50E1D6E090E1918FE
:109230001A10D8A41EEFC9F020EFC9F030EFC9F022
:109240001B501324156E1C501420166E090E152485
:10925000D96E000E1620DA6E2E0EDF6E1B4A1C2A07
:109260001B501324156E1C501420166E090E152465
:10927000D96E000E1620DA6E1DC5DFF41B4A1C2ABB
:109280001A5009E10B0E195CD8A049EFC9F04BEF59
:10929000C9F0ECEFC8F01B501324156E1C501420BD
:1092A000166E090E1524D96E000E1620DA6EDF6ACE
:1092B00020EE08F01350D9261450DA2210EE1AF0DE
:1092C0001150E1261250E22200EE0BF0E650E926A2
:1092D000E550EA22EF503F0BDF6E20EE1AF01150FE
:1092E000D9261250DA22DEC415F5DDC416F51C0E9F
:1092F0001524046E000E1620056EB2ECEBF013C5BB
:10930000D9F414C5DAF404C5DEF405C5DEF406C5E7
:10931000DEF407C5DEF420EE1AF01150D926125003
:10932000DA22DEC415F5DDC416F5160E1524046E1A
:10933000000E1620056E42ECFAF020EE06F01350F7
:10934000D9261450DA2204C5DEF405C5DDF420EE7A
:109350001AF01150D9261250DA22DEC415F5DDC4F8
:1093600016F5180E1524046E000E1620056E42EC3C
:10937000FAF020EE04F01350D9261450DA2204C576
:10938000DEF405C5DDF4120032C624F633C625F638
:10939000000E0601266F000E276F000E286F000ECC
:1093A000296FA6ECBCF024C64CF625C64DF6020E7D
:1093B00006014C194D11D8B4E0EFC9F0E2EFC9F045
:1093C000FCEFC9F04D5107E1030E4C5DD8B0EBEF57
:1093D000C9F0EDEFC9F0F6EFC9F034513511D8A45A
:1093E000F4EFC9F0F6EFC9F0FCEFC9F04CC632F665
:1093F0004DC633F6BDEFCAF0000E4F6F000E4E6F34
:109400004EC636F64FC637F6363B373BF00E3717AB
:1094100036510F0B3713F00E361736513225386F91
:1094200037513321396FF60E3825046E010E39217C
:10943000056EB2ECEBF03C0E06013A6F060E3B6F88
:10944000D8904E35D96E4F35DA6ED890D936DA3697
:109450003A51D9263B51DA2204C5DEF405C5DEF4C3
:1094600006C5DEF407C5DEF44E4B4F2B4F5109E124
:10947000040E4E5DD8A03FEFCAF041EFCAF000EFF6
:10948000CAF034513511D8A448EFCAF04AEFCAF0F7
:1094900050EFCAF0000E4F6F000E4E6F56EFCAF03D
:1094A000FF0E34254E6FFF0E35214F6F3C0E366F89
:1094B000060E376FD8904E35D96E4F35DA6ED8908C
:1094C000D936DA363651D9263751DA22DE50DE1057
:1094D000DE10DE10D8A46FEFCAF071EFCAF077EF9C
:1094E000CAF0000E4D6F030E4C6F99EFCAF032C6F2
:1094F00024F633C625F63C0E366F060E376FD8902D
:109500004E35D96E4F35DA6ED890D936DA363651B7
:10951000D9263751DA22DEC426F6DEC427F6DEC4A9
:1095200028F6DEC429F6A6ECBCF024C64CF625C607
:109530004DF6060134513511D8A4A1EFCAF0A3EFBE
:10954000CAF0F6EFC9F04D5109E1020E4C5DD8A00A
:10955000ACEFCAF0AEEFCAF0F6EFC9F04E4B4F2BAE
:109560004F5109E1040E4E5DD8A0B9EFCAF0BBEF30
:10957000CAF056EFCAF0F6EFC9F0120023BEC3EFEF
:10958000CAF0C6EFCAF0010EC7EFCAF0000E2A6E8D
:1095900007011DBFCEEFCAF0D0EFCAF0D1EFCAF07D
:1095A0005C921DBFD8EFCAF0D6EFCAF0DEEFCAF06A
:1095B000000E276E010E266EE2EFCAF01CC726F5DC
:1095C0001DC727F51AC728F51BC729F52A50D8B497
:1095D000ECEFCAF0EEEFCAF005EFCBF02806D8A00A
:1095E00029062A50D8A4F7EFCAF0F9EFCAF0FFEF26
:1095F000CAF0000E256E2B0E246E03EFCBF0000E8A
:10960000256E2D0E246E24C52AF5000E2C6E4F0EED
:109610002B6E08014F6B51EFCBF02B06D8A02C0618
:10962000000E2B24D96E080E2C20DA6E20C504F50E
:1096300021C505F522C506F523C507F50A0E086EF6
:10964000000E096E000E0A6E000E0B6EDCECE5F0EB
:1096500004C50EF505C50FF57AECFAF00E50300F83
:10966000DF6E2606D8A027062806D8A0290620C522
:1096700004F521C505F522C506F523C507F50A0E33
:10968000086E000E096E000E0A6E000E0B6E66EC80
:10969000E1F004C520F505C521F506C522F507C58D
:1096A00023F52CBE5CEFCBF02C5008E12B04D8A0A6
:1096B0005CEFCBF05EEFCBF08AEFCBF020502110C7
:1096C00022102310D8A467EFCBF069EFCBF00DEF99
:1096D000CBF027BE76EFCBF0275006E12604D8B0BA
:1096E00074EFCBF076EFCBF00DEFCBF029BE81EF2E
:1096F000CBF0295008E12804D8A081EFCBF083EF0C
:10970000CBF08AEFCBF05CB288EFCBF08AEFCBF0F6
:109710000DEFCBF02A50D8B490EFCBF092EFCBF016
:109720009DEFCBF02B06D8A02C06000E2B24D96E73
:10973000080E2C20DA6E2AC5DFF41EC515F51FC5EC
:1097400016F5000E2B24176E080E2C20186E28C557
:1097500019F529C51AF566ECEFF012000501FF6B4B
:10976000060120EE04F00751D9260851DA22DF5015
:10977000D8B4BDEFCBF0BFEFCBF08EEFCCF0300E16
:1097800007250501F76F000E060108210501F86F96
:10979000060120EE2CF00751D9260851DA22DEC44A
:1097A000F9F5DEC4FAF5DEC4FBF5DEC4FCF5000E07
:1097B0000501FE6F010EFD6F060120EE01F007515D
:1097C000D9260851DA22DF5080ECD5F00009D8A460
:1097D000ECEFCBF0EEEFCBF08BEFCCF0060120EE10
:1097E00004F00751D9260851DA22DF6A20EE18F07A
:1097F0000751D9260851DA2210EE20F00751E12650
:109800000851E222E6C40DF6E6C40EF6E6C40FF6F1
:10981000E6C410F610EE2CF00751E1260851E222C2
:10982000E6C411F6E6C412F6E6C413F6E6C414F66E
:109830000D51115D156F0E511259166F0F511359BD
:10984000176F10511459186FDE50155DDE50165900
:10985000DE501759DE501859D8B031EFCCF033EF45
:10986000CCF08EEFCCF020EE03F00751D926085152
:10987000DA22020EDE18D8A440EFCCF042EFCCF092
:109880008EEFCCF0300E07250501F76F000E0601B4
:1098900008210501F86F060120EE18F00751D926BE
:1098A0000851DA22DEC409F6DEC40AF6DEC40BF67D
:1098B000DEC40CF620EE2CF00751D9260851DA222E
:1098C000DEC40DF6DEC40EF6DEC40FF6DEC410F6FE
:1098D00009510D250501F96F06010A510E210501F7
:1098E000FA6F06010B510F210501FB6F06010C51A8
:1098F00010210501FC6F000EFE6F010EFD6F0601C9
:1099000020EE01F00751D9260851DA22DF5080EC11
:10991000D5F08EEFCCF0010E0501FF6F0501FF5170
:1099200012000C6E0C50D8B498EFCCF09AEFCCF03B
:10993000BCEFCCF007BEA1EFCCF09FEFCCF0BCEFBA
:10994000CCF004C508F505C509F506C50AF507C537
:109950000BF5081E091E0A1E0B1E082A000E0922FE
:109960000A220B2208C50EF509C50FF50AC510F528
:109970000BC511F5C4EFCCF004C50EF505C50FF508
:1099800006C510F507C511F504500510061007109F
:10999000D8A4CDEFCCF0CFEFCCF0D9EFCCF0000EC7
:1099A000046E000E056E000E066E000E076E6AEF66
:1099B000CDF0960E0D6EE3EFCCF00D2AD89011325B
:1099C00010320F320E32000E0E14086E000E0F14FD
:1099D000096E000E10140A6EFE0E11140B6E085064
:1099E00009100A100B10D8A4F8EFCCF0FAEFCCF065
:1099F000DDEFCCF008EFCDF00D2A010E0E26000EA3
:109A00000F2210221122D890113210320F320E3252
:109A1000000E0E14086E000E0F14096E000E1014C6
:109A20000A6EFF0E11140B6E085009100A100B106D
:109A3000D8A41DEFCDF01FEFCDF0FCEFCCF027EF59
:109A4000CDF00D06D8900E360F361036113610BEFA
:109A50002CEFCDF02EEFCDF036EFCDF0020E0D60F5
:109A600034EFCDF036EFCDF021EFCDF00DB03BEF80
:109A7000CDF03DEFCDF03EEFCDF0109ED8900D3201
:109A80000DC508F5096A0A6A0B6A08C50BF50A6A6A
:109A9000096A086A08500E1209500F120A50101273
:109AA0000B5011120C50D8B458EFCDF05AEFCDF046
:109AB00062EFCDF007BE61EFCDF05FEFCDF062EF6A
:109AC000CDF0118E0EC504F50FC505F510C506F5D0
:109AD00011C507F5120050C797F635EFCEF01FEC11
:109AE000EDF006018B518C11D8B479EFCDF07BEFFE
:109AF000CDF080EFCDF006019269936943EFCEF08F
:109B000055C704F556C705F557C706F558C707F5F5
:109B10007C0E086E180E096E020E0B6E000E0A6E99
:109B20000EECECF007010251D8B499EFCDF09BEFA9
:109B3000CDF0D3EFCDF00351D8B4A1EFCDF0A3EF2A
:109B4000CDF0D3EFCDF04FC794F6010E0601956F1F
:109B5000000E966F942BB0EFCDF0D89095379637D6
:109B6000942FADEFCDF007010451060195170701C1
:109B700005510601961795519611D8A4C2EFCDF064
:109B8000C4EFCDF0D3EFCDF0C80E0501D86FFF0EB6
:109B9000D96F7C0EDA6F180EDB6F020EDD6F000ED0
:109BA000DC6F72ECF3F0380E0601626F140E636F17
:109BB0007C0E646F180E656F020E676F000E666F85
:109BC000990E686F060E696F93EC8AF00601986F24
:109BD0009851D8A4EEEFCDF0F0EFCDF0FAEFCDF044
:109BE000020E9A199911D8B4F8EFCDF0FAEFCDF032
:109BF0000AEFCEF0A00E0501AD6FFA0EAE6F98C65B
:109C0000AFF5B06B99C6B1F59AC6B2F5ECECFAF0C7
:109C10007BEFCDF0380E246F140E256F91ECC4F05D
:109C20000601986F9851D8B418EFCEF01AEFCEF025
:109C300026EFCEF0DC0E0501AD6FFD0EAE6F98C6BF
:109C4000AFF5B06BECECFAF07BEFCDF0000E070156
:109C50005527020E5623000E5723000E5823010EDF
:109C60005127000E522353235423060197079729A7
:109C7000D8A43DEFCEF03FEFCEF06FEFCDF0000E69
:109C8000936F000E926F1200040E0601886F7CC65F
:109C9000D9F47DC6DAF4DEC484F6DDC485F6F1EFCE
:109CA000CEF084C619F685C61AF620EE16F07C5161
:109CB000D9267D51DA22DEC41BF6DEC41CF6DEC4D2
:109CC0001DF6DEC41EF621ECEAF00601886F88510D
:109CD000D8B46DEFCEF06FEFCEF071EFCEF002EFB3
:109CE000CFF020EE1AF07C51D9267D51DA22DEC465
:109CF00080F6DDC481F680C6D9F481C6DAF4DF507F
:109D0000876F8751D8A487EFCEF089EFCEF08DEF23
:109D1000CEF0040E886F02EFCFF020EE1AF07C51E7
:109D2000D9267D51DA2210EE0BF0DE50E126DD500F
:109D3000E222E7503F0B866F20EE04F07C51D926DB
:109D40007D51DA2286C6DFF4E50E8719D8B4ABEF71
:109D5000CEF0ADEFCEF0DBEFCEF02E0E8719D8B4FB
:109D6000B4EFCEF0B6EFCEF0DBEFCEF00F0E8619EB
:109D7000D8B4BDEFCEF0BFEFCEF0DBEFCEF0865122
:109D8000DF0B080AD8B4C7EFCEF0CAEFCEF0010E51
:109D9000CBEFCEF0000E806F816B7E51801907E112
:109DA0007F518119D8A4D7EFCEF0D9EFCEF0DBEFF9
:109DB000CEF002EFCFF07CC662F67DC663F6000EF1
:109DC000656F000E646F08ECACF00601886F885177
:109DD000D8B4EDEFCEF0EFEFCEF0F1EFCEF002EF32
:109DE000CFF020EE16F07C51D9267D51DA22DE50DC
:109DF000DE10DE10DE10D8A400EFCFF002EFCFF0BF
:109E000051EFCEF08851D8B408EFCFF00AEFCFF081
:109E100014EFCFF020EE16F07C51D9267D51DA22D6
:109E2000DE6ADE6ADE6ADD6A88511200C1EFCFF0B9
:109E3000E7ECF8F004500701486FE5EFCFF0485128
:109E4000A2ECFBF0E5EFCFF028512911D8A42BEFBD
:109E5000CFF02EEFCFF0010E2FEFCFF0000E486FB6
:109E6000E5EFCFF07C0E0501BC6F180EBD6F48C743
:109E7000BEF5BF6B49C704F54AC705F54BC706F5E4
:109E80004CC707F5BCC508F5BDC509F5BEC50AF543
:109E9000BFC50BF50EECECF05BEFCFF0BCC5D9F411
:109EA000BDC5DAF4DF50A2ECFBF00501BC4BBD2BC5
:109EB000BE07D8A0BF070501BE51BF11D8A463EFEC
:109EC000CFF065EFCFF04EEFCFF0E5EFCFF02851B8
:109ED0002911D8B46EEFCFF070EFCFF072EFCFF062
:109EE00018EFCFF0486BE5EFCFF048C7BBF50501A1
:109EF000BB5153ECFBF00701486FE5EFCFF07C0E50
:109F00000501BC6F180EBD6FBCC504F5BDC505F5D8
:109F100048C706F550ECF0F004C5BEF505C5BFF521
:109F2000BEC548F70501BE51BF11D8B49AEFCFF0B6
:109F30009CEFCFF0E5EFCFF049C704F54AC705F530
:109F40004BC706F54CC707F5BCC508F5BDC509F5F7
:109F5000BEC50AF5BFC50BF5C4ECECF0E5EFCFF0DC
:109F6000485162ECFBF0E5EFCFF0890E0501AD6FD3
:109F7000FB0EAE6F47C7AFF5B06BECECFAF0E5EF58
:109F8000CFF007014751010AD8B418EFCFF0030A08
:109F9000D8B41FEFCFF0010AD8B424EFCFF0070AEE
:109FA000D8B432EFCFF00D0AD8B467EFCFF0030A80
:109FB000D8B475EFCFF0010AD8B47FEFCFF0070A1D
:109FC000D8B4B0EFCFF0B5EFCFF00701476B120078
:109FD00093EFD0F0E7ECF8F0045007015A6FB7EFB9
:109FE000D0F05A51A2ECFBF0B7EFD0F02851291174
:109FF000D8A4FDEFCFF000EFD0F0010E01EFD0F0CC
:10A00000000E5A6FB7EFD0F07C0E0501BC6F180E32
:10A01000BD6F5AC7BEF5BF6B5BC704F55CC705F5DE
:10A020005DC706F55EC707F5BCC508F5BDC509F5F2
:10A03000BEC50AF5BFC50BF50EECECF02DEFD0F068
:10A04000BCC5D9F4BDC5DAF4DF50A2ECFBF00501C4
:10A05000BC4BBD2BBE07D8A0BF070501BE51BF1129
:10A06000D8A435EFD0F037EFD0F020EFD0F0B7EF35
:10A07000D0F028512911D8B440EFD0F042EFD0F001
:10A0800044EFD0F0EAEFCFF05A6BB7EFD0F05AC7F9
:10A09000BBF50501BB5153ECFBF007015A6FB7EF5D
:10A0A000D0F07C0E0501BC6F180EBD6FBCC504F569
:10A0B000BDC505F55AC706F550ECF0F004C5BEF570
:10A0C00005C5BFF5BEC55AF70501BE51BF11D8B4CD
:10A0D0006CEFD0F06EEFD0F0B7EFD0F05BC704F5C7
:10A0E0005CC705F55DC706F55EC707F5BCC508F595
:10A0F000BDC509F5BEC50AF5BFC50BF5C4ECECF04E
:10A10000B7EFD0F05A5162ECFBF0B7EFD0F0890E08
:10A110000501AD6FFB0EAE6F59C7AFF5B06BECEC40
:10A12000FAF0B7EFD0F007015951010AD8B4EAEFBD
:10A13000CFF0030AD8B4F1EFCFF0010AD8B4F6EFAC
:10A14000CFF0070AD8B404EFD0F00D0AD8B439EF35
:10A15000D0F0030AD8B447EFD0F0010AD8B451EFD9
:10A16000D0F0070AD8B482EFD0F087EFD0F0070123
:10A17000596B1200000E07018A6F000E896F89C7A4
:10A180008BF78AC78CF75BEFD1F08B51410F886F4B
:10A190007C0E866F180E876F86C7ADF587C7AEF544
:10A1A000BD0E0501AF6FFE0EB06F090E07017C25D5
:10A1B0000501B16F000E07017D210501B26F88C74F
:10A1C000B3F5B46B49ECF8F0220E07017E6F020E76
:10A1D0007F6F7E518903F3C480F7F4C481F78A034B
:10A1E000F35081277F518903F3508127800E80250A
:10A1F0000601AF6F090E070181210601B06F86C706
:10A20000B1F687C7B2F6030EB36FDEEC92F0000929
:10A21000D8A40DEFD1F00FEFD1F058EFD1F0600ED0
:10A220000501AD6FF60EAE6F090E07017C25050125
:10A23000AF6F000E07017D210501B06F88C7B1F532
:10A24000B26B88C7B3F5B46BECECFAF0220E0701E1
:10A250007E6F020E7F6F7E518903F3C480F7F4C4D2
:10A2600081F78A03F35081277F518903F3508127B7
:10A27000800E8025826F090E8121836F780E846F96
:10A28000080E856F020E8427000E8523D8908B352B
:10A29000D96E8C35DA6ED890D936DA368451D92613
:10A2A0008551DA2282C7DEF483C7DDF4894B8A2B1D
:10A2B00007018B4B8C2B8C5107E1040E8B5DD8B0C2
:10A2C00064EFD1F066EFD1F074EFD1F08ABF72EF96
:10A2D000D1F08A5109E1040E895DD8A072EFD1F066
:10A2E00074EFD1F0C5EFD0F008017A517B11D8A4FA
:10A2F0007CEFD1F07EEFD1F085EFD1F0FF0E0701BA
:10A300007D6FFC0E7C6F8AEFD1F0000E07017D6F30
:10A31000000E7C6F120010C518F511C519F5185004
:10A320001910D8A496EFD1F098EFD1F09CEFD1F0AE
:10A33000C10E186EFF0E196E000E1B6E000E1A6E07
:10A34000A4EFD1F01A4A1B2A1A501824126E1B507F
:10A350001920136E12C5F6F413C5F7F4000EF86E4B
:10A36000250EF76403D00800F55005D0F6C4E9F4D3
:10A37000F7C4EAF4EF500009D8A4C1EFD1F0C3EF5D
:10A38000D1F0A2EFD1F007011DBFC9EFD1F0CBEFA3
:10A39000D1F0DEEFD1F01A501C5D1D51800A126E13
:10A3A0001B50800A1258D8B0D8EFD1F0DAEFD1F0B4
:10A3B000DEEFD1F01CC71AF51DC71BF51AC514F541
:10A3C0001BC515F51AC716F51BC717F55CB0EBEFE3
:10A3D000D1F0EDEFD1F029EFD2F0FBEFD1F0000E8C
:10A3E000066E200E056E0EC507F50FC508F5EBECE1
:10A3F000EAF01A4A1B2A16501A5C1B50800A126E89
:10A400001750800A1258D8A008EFD2F00AEFD2F005
:10A41000EFEFD1F029EFD2F018C5F6F419C5F7F433
:10A42000000EF86E250EF76403D00800F55005D035
:10A43000F6C4E9F4F7C4EAF4EF50126E1250056E58
:10A44000066A0EC507F50FC508F5EBECEAF0184AE9
:10A45000192A1406D8A01506142806E11528D8A430
:10A4600034EFD2F036EFD2F00CEFD2F05CA03BEF3D
:10A47000D2F03DEFD2F05AEFD2F04BEFD2F0000E17
:10A48000066E200E056E0EC507F50FC508F5EBEC40
:10A49000EAF01A4A1B2A16501A5C1B50800A126EE8
:10A4A0001750800A1258D8A058EFD2F05AEFD2F0C5
:10A4B0003FEFD2F012000D680E6804C5D9F405C54F
:10A4C000DAF4DEC40FF5DDC410F50FC50AF510C5CA
:10A4D0000BF50F501010D8A470EFD2F072EFD2F03D
:10A4E00076EFD2F00468056829EFD3F00AC5F6F4D8
:10A4F0000BC5F7F4000EF86E250EF76403D00800C4
:10A50000F55005D0F6C4E9F4F7C4EAF4EF500C6E48
:10A510000A4A0B2A200E0C6490EFD2F092EFD2F090
:10A520009BEFD2F03A0E0C18D8A499EFD2F09BEF23
:10A53000D2F076EFD2F03A0E0C18D8A4A2EFD2F0F7
:10A54000A4EFD2F025EFD3F0000E096E010E086ED5
:10A550000FC5F6F410C5F7F4000EF86E250EF7647B
:10A5600003D00800F55005D0F6C4E9F4F7C4EAF4C6
:10A57000EF50066E2F0E0664C0EFD2F0C2EFD2F09D
:10A5800006EFD3F00FC5F6F410C5F7F4000EF86E21
:10A59000250EF76403D00800F55005D0F6C4E9F4A1
:10A5A000F7C4EAF4EF50066E3A0E0660DAEFD2F026
:10A5B000DCEFD2F006EFD3F0020E0F24066E000E91
:10A5C0001020076E0A50061807E10B500718D8A490
:10A5D000ECEFD2F0EEEFD2F006EFD3F00FC5F6F4C9
:10A5E00010C5F7F4000EF86E250EF76403D00800CE
:10A5F000F55005D0F6C4E9F4F7C4EAF4EF50066E5E
:10A60000D00E0624086E096AFF0E092209BE13EF58
:10A61000D3F0095006E10804D8B011EFD3F013EFDE
:10A62000D3F01FEFD3F008C50DF509C50EF504C52D
:10A63000D9F405C5DAF40AC5DEF40BC5DDF40DC5A1
:10A6400004F50EC505F529EFD3F0000E056E000EDA
:10A65000046E120007016151040D7A0EF324D96EC5
:10A66000080EF420DA6EDEC49FF6DDC4A0F6BDEC61
:10A67000DFF006018B518C11D8B441EFD3F043EFDA
:10A68000D3F048EFD3F006019A699B69F2EFD3F05B
:10A6900067C704F568C705F569C706F56AC707F512
:10A6A0007C0E086E180E096E000E0B6E800E0A6E80
:10A6B0000EECECF007010251D8B461EFD3F063EF78
:10A6C000D3F09BEFD3F00351D8B469EFD3F06BEF25
:10A6D000D3F09BEFD3F061C79CF6010E06019D6F8E
:10A6E000000E9E6F9C2B78EFD3F0D8909D379E374D
:10A6F0009C2F75EFD3F00701045106019D17070148
:10A70000055106019E179D519E11D8A48AEFD3F0E2
:10A710008CEFD3F09BEFD3F0C80E0501D86FFF0E7E
:10A72000D96F7C0EDA6F180EDB6F000EDD6F800EB6
:10A73000DC6F72ECF3F09FC662F6A0C663F67C0E87
:10A740000601646F180E656F000E676F800E666FEE
:10A75000A20E686F060E696F93EC8AF00601A16F76
:10A76000A151D8A4B6EFD3F0B8EFD3F0C2EFD3F035
:10A77000800EA219A311D8B4C0EFD3F0C2EFD3F06A
:10A78000D2EFD3F0A00E0501AD6FFA0EAE6FA1C6E9
:10A79000AFF5B06BA2C6B1F5A3C6B2F5ECECFAF01A
:10A7A00043EFD3F09FC624F6A0C625F691ECC4F083
:10A7B0000601A16FA151D8B4E0EFD3F0E2EFD3F0DE
:10A7C000EEEFD3F0DC0E0501AD6FFD0EAE6FA1C64E
:10A7D000AFF5B06BECECFAF043EFD3F0000E9B6FEB
:10A7E000000E9A6F12000501FD6F07011EA3FBEF1B
:10A7F000D3F0FDEFD3F013EFD4F03F0E0501AD6FB2
:10A80000F80EAE6FFDC5AFF5B06B02C6B1F503C66D
:10A81000B2F504C6B3F505C6B4F506C6B5F507C668
:10A82000B6F5ECECFAF0000E0501FF6F000EFE6FBE
:10A83000A9EFD4F0060102510701D9250501DC6F0B
:10A84000060103510701DA210501DD6F06010451FC
:10A850000701DB210501DE6F060105510701DC213F
:10A860000501DF6F000EE16F000EE06F00C6E2F53C
:10A8700001C6E3F5020EE56F000EE46F4FECB9F090
:10A880000501DC51DD11D8B448EFD4F04AEFD4F023
:10A8900066EFD4F007011E511F11D8B452EFD4F067
:10A8A00054EFD4F063EFD4F0350E0501AD6FFB0E1D
:10A8B000AE6F02C6AFF503C6B0F504C6B1F505C666
:10A8C000B2F5ECECFAF0010EB9EFD4F007011EA3DB
:10A8D0006CEFD4F06EEFD4F09DEFD4F01EA773EFC1
:10A8E000D4F075EFD4F09DEFD4F0D40E0501BB6F1A
:10A8F000FF0EBC6F02C6F9F503C6FAF504C6FBF5F8
:10A9000005C6FCF5090ED890F937FA37FB37FC3746
:10A91000E82E83EFD4F0F9C5BDF5FAC5BEF5FBC549
:10A92000BFF5FCC5C0F500C6C1F501C6C2F5020EF3
:10A93000C46F000EC36F47ECD9F0010E0601022769
:10A94000000E032304230523020E01270501FE4BFD
:10A95000FF2B060106510501FE5D060107510501A9
:10A96000FF59D8A0B6EFD4F0B8EFD4F01AEFD4F076
:10A97000000E12007C0E0701A66F180EA76F820E44
:10A980000501AD6F070EAE6FDD0EAF6FFF0EB06F3E
:10A990007CC7B1F57DC7B2F549ECF8F05A0E060157
:10A9A000AF6F160EB06F820EB16F070EB26F010E51
:10A9B000B36FDEEC92F00701AE6FAE51D8B4E3EFA7
:10A9C000D4F0E5EFD4F0EBEFD4F0AEC77CF707019D
:10A9D0007D6B7FEFD5F07EC7A2F77FC7A3F780C757
:10A9E000A4F781C7A5F7650090F9A0F7650094F971
:10A9F000A1F7A0C7AAF7A1C7ABF7020EA96F000E77
:10AA0000A86F4EEFD5F05A0E06013E6F160E3F6F3F
:10AA1000A6C740F6A7C741F6A8C742F6A9C743F69E
:10AA2000AC0E446F070E456F9EEC96F00701AE6FBB
:10AA3000AE51D8A41EEFD5F020EFD5F057EFD5F0EA
:10AA4000A2C704F5A3C705F5A4C706F5A5C707F572
:10AA5000A6C708F5A7C709F5ACC70AF5ADC70BF53A
:10AA6000C4ECECF00701AC51A227AD51A323000EBA
:10AA7000A423000EA523AC51AA5FAD51AB5BA85136
:10AA8000AA5DA951AB59D8B048EFD5F04AEFD5F03F
:10AA90004EEFD5F0AAC7A8F7ABC7A9F7AA51AB11DB
:10AAA000D8A455EFD5F057EFD5F003EFD5F0AE5160
:10AAB000D8A45DEFD5F05FEFD5F076EFD5F0880E36
:10AAC0000501AD6FF90EAE6F7CC7AFF57DC7B0F570
:10AAD0007EC7B1F57FC7B2F580C7B3F581C7B4F5BE
:10AAE000A0C7B5F5A1C7B6F5ECECFAF05A0E060111
:10AAF0002F6F160E306F4BECF7F0E5EFD4F012002D
:10AB00000601046F07011EA588EFD5F08AEFD5F086
:10AB1000A0EFD5F06B0E0501AD6FF80EAE6F04C659
:10AB2000AFF5B06BF9C5B1F5FAC5B2F5FBC5B3F534
:10AB3000FCC5B4F5FDC5B5F5FEC5B6F5ECECFAF00F
:10AB4000000E0601066F000E056F35EFD6F0050109
:10AB5000F9510701D9250501DC6FFA510701DA2106
:10AB60000501DD6FFB510701DB210501DE6FFC51A3
:10AB70000701DC210501DF6F000EE16F000EE06FC1
:10AB8000F7C5E2F5F8C5E3F5020EE56F000EE46FD8
:10AB9000EFECA9F00501DC51DD11D8B4D2EFD5F00E
:10ABA000D4EFD5F0F0EFD5F007011E511F11D8B446
:10ABB000DCEFD5F0DEEFD5F0EDEFD5F0DF0E0501DF
:10ABC000AD6FFA0EAE6FF9C5AFF5FAC5B0F5FBC5BE
:10ABD000B1F5FCC5B2F5ECECFAF0010E45EFD6F09C
:10ABE00007011EA5F6EFD5F0F8EFD5F029EFD6F066
:10ABF0001EA7FDEFD5F0FFEFD5F029EFD6F0D40E6C
:10AC00000501BB6FFF0EBC6FF9C500F6FAC501F672
:10AC1000FBC502F6FCC503F6090ED8900601003705
:10AC2000013702370337E82E0DEFD6F000C6BDF529
:10AC300001C6BEF502C6BFF503C6C0F5F7C5C1F52E
:10AC4000F8C5C2F5020E0501C46F000EC36F47ECD4
:10AC5000D9F0010E0501F927000EFA23FB23FC238E
:10AC6000020EF8270601054B062B0501FD510601D2
:10AC7000055D0501FE5106010659D8A042EFD6F048
:10AC800044EFD6F0A7EFD5F0000E120007011DBF6C
:10AC90004CEFD6F04EEFD6F04FEFD6F05C921DBFE2
:10ACA00056EFD6F054EFD6F05CEFD6F0000E2D6ED6
:10ACB000010E2C6E60EFD6F01CC72CF51DC72DF5CC
:10ACC0001AC72EF51BC72FF5780E2418D8B46BEFD2
:10ACD000D6F06DEFD6F073EFD6F0000E2B6E410E6E
:10ACE0002A6E77EFD6F0000E2B6E610E2A6E2AC503
:10ACF00029F5000E326E4F0E316E08014F6BBFEF1B
:10AD0000D6F03106D8A0320620500F0B306E0A0E56
:10AD100030608DEFD6F08FEFD6F093EFD6F0300E97
:10AD2000302696EFD6F02950F60F3026000E31244B
:10AD3000D96E080E3220DA6E30C5DFF42C06D8A0AA
:10AD40002D062E06D8A02F0620C525F521C526F5EF
:10AD500022C527F523C528F5050EB4EFD6F0D89007
:10AD60002832273226322532E82EAFEFD6F025C51D
:10AD700020F526C521F527C522F528C523F532BEC5
:10AD8000CBEFD6F0325009E1020E315CD8A0CBEF08
:10AD9000D6F0CDEFD6F0F9EFD6F0205021102210EA
:10ADA0002310D8A4D6EFD6F0D8EFD6F081EFD6F0A6
:10ADB0002DBEE5EFD6F02D5006E12C04D8B0E3EF20
:10ADC000D6F0E5EFD6F081EFD6F02FBEF0EFD6F05B
:10ADD0002F5008E12E04D8A0F0EFD6F0F2EFD6F015
:10ADE000F9EFD6F05CB2F7EFD6F0F9EFD6F081EFDD
:10ADF000D6F01EC515F51FC516F5000E3124176EC9
:10AE0000080E3220186E2EC519F52FC51AF566ECFE
:10AE1000EFF012007CC6D9F47DC6DAF4DEC480F609
:10AE2000DDC481F67CC63EF67DC63FF6000E060107
:10AE3000406F000E416F000E426F000E436F8AECB0
:10AE4000B7F00601836F8351D8B429EFD7F02BEF09
:10AE5000D7F02FEFD7F006018351CBEFD7F080C6A4
:10AE600019F681C61AF620EE16F07C51D9267D51CE
:10AE7000DA22DEC41BF6DEC41CF6DEC41DF6DEC418
:10AE80001EF621ECEAF00601836F8351D8B44BEF34
:10AE9000D7F04DEFD7F04FEFD7F02BEFD7F020EEF4
:10AEA0001AF07C51D9267D51DA22DEC47EF6DDC44B
:10AEB0007FF67EC6D9F47FC6DAF4DF50826F825106
:10AEC000D8A465EFD7F067EFD7F06BEFD7F0040E9B
:10AED000836F2BEFD7F020EE04F07C51D9267D5103
:10AEE000DA2210EE1AF07C51E1267D51E22200EECA
:10AEF0000BF0E650E926E550EA22EF503F0BDF6EFB
:10AF000020EE1AF07C51D9267D51DA2210EE0BF09A
:10AF1000DE50E126DD50E222E7B691EFD7F093EF65
:10AF2000D7F0B4EFD7F020EE1AF07C51D9267D513E
:10AF3000DA22DEC404F5DDC405F51C0E7C25066EA0
:10AF4000000E7D21076E000E096E0B0E086EEEECF2
:10AF5000E8F004500510D8A4B0EFD7F0B2EFD7F066
:10AF6000B4EFD7F02BEFD7F07CC662F67DC663F660
:10AF7000000E0601656F000E646F08ECACF0060170
:10AF8000836F8351D8B4C7EFD7F0C9EFD7F02FEF55
:10AF9000D7F02BEFD7F012000601AF51B011D8A4B3
:10AFA000D4EFD7F0D6EFD7F0D9EFD7F0090E8AEF6C
:10AFB000D8F0B10E816F060E826FB30E836F060E4E
:10AFC000846F000E856F00EC80F00601B56FB551FF
:10AFD000D8A4EDEFD7F0EFEFD7F07BEFD8F0AFC606
:10AFE000D9F4B0C6DAF4B3C6DEF4B4C6DDF4AFC645
:10AFF00084F6B0C685F6B1C686F6B2C687F6B1EC61
:10B00000C6F00601B56FB551D8A409EFD8F00BEF23
:10B01000D8F070EFD8F020EE27F0AF51D926B0511C
:10B02000DA22DFBE16EFD8F018EFD8F048EFD8F0EC
:10B0300020EE04F0AF51D926B051DA22DFA823EF79
:10B04000D8F025EFD8F046EFD8F0B3C60BF5B4C66C
:10B050000CF520EE1AF0AF51D926B051DA22DEC439
:10B060000DF5DDC40EF5F4ECF3F0060120EE06F06C
:10B07000AF51D926B051DA220BC5DEF40CC5DEF48F
:10B080000DC5DEF40EC5DEF448EFD8F0050EB56F41
:10B09000B551D8A44EEFD8F050EFD8F070EFD8F0FB
:10B0A00020EE06F0B351D926B451DA2210EE02F0A8
:10B0B000AF51E126B051E222DEC4E6F4DDC4E5F48E
:10B0C000AFC63EF6B0C63FF6000E406F000E416FB1
:10B0D000000E426F000E436F8AECB7F00601B56FA9
:10B0E000040EB519D8A477EFD8F079EFD8F07BEF3C
:10B0F000D8F0050EB56FB551D8B481EFD8F083EF15
:10B10000D8F089EFD8F0AFC6D9F4B0C6DAF4DE6A69
:10B11000DD6AB551120050C798F638EFD9F01FEC30
:10B12000EDF006018B518C11D8B499EFD8F09BEF5C
:10B13000D8F0A0EFD8F006019269936946EFD9F0F4
:10B14000380E3E6F140E3F6F7C0E406F180E416F2D
:10B15000020E436F000E426F990E446F060E456F4C
:10B160009EEC96F00601976F9751D8A4BAEFD8F0ED
:10B17000BCEFD8F0C6EFD8F0020E9A199911D8B4E6
:10B18000C4EFD8F0C6EFD8F0D6EFD8F0C00E050166
:10B19000AD6FFA0EAE6F97C6AFF5B06B99C6B1F54D
:10B1A0009AC6B2F5ECECFAF09BEFD8F0070101512A
:10B1B000D8B4DDEFD8F0DFEFD8F017EFD9F00351B6
:10B1C000D8B4E5EFD8F0E7EFD8F017EFD9F04FC7D4
:10B1D00094F6010E0601956F000E966F942BF4EF16
:10B1E000D8F0D89095379637942FF1EFD8F0070123
:10B1F000045106019517070105510601961795514F
:10B200009611D8A406EFD9F008EFD9F017EFD9F0CE
:10B21000C80E0501D86FFF0ED96F7C0EDA6F180EBD
:10B22000DB6F020EDD6F000EDC6F72ECF3F055C7C2
:10B2300004F556C705F557C706F558C707F57C0E40
:10B24000086E180E096E020E0B6E000E0A6EC4EC2C
:10B25000ECF0000E07015527020E5623000E57236F
:10B26000000E5823010E5127000E5223532354235E
:10B27000060198079829D8A440EFD9F042EFD9F0F9
:10B280008FEFD8F0000E936F000E926F1200C1C5C1
:10B29000D8F5C2C5D9F50F0E0501C325C56F000E3F
:10B2A000C421C66FF00EC515C36FFF0EC615C46F5F
:10B2B000000EDB6F000EDA6FF4EFD9F00F0EDA1527
:10B2C000C56F000EDB15C66FC551C611D8A46BEF54
:10B2D000D9F06DEFD9F083EFD9F08E0EAD6FFF0E80
:10B2E000AE6FBBC5AFF5BCC5B0F5DA51BD25B16FCA
:10B2F000DB51BE21B26F000EBF21B36F000EC02123
:10B30000B46FECECFAF0CE0E0501AD6FFF0EAE6F30
:10B31000DA51D825D96EDB51D921DA6EDF50C56FED
:10B32000C551AF6FB06BECECFAF00501DA51D825DE
:10B33000D96EDB51D921DA6E1F0EDF64A2EFD9F08E
:10B34000A4EFD9F0C8EFD9F0DA51D825D96EDB5186
:10B35000D921DA6E7F0EDF60B0EFD9F0B2EFD9F00D
:10B36000C8EFD9F0DA51D825D96EDB51D921DA6E80
:10B370000F0EDA15C56F000EDB15C66FC70EC5259B
:10B38000E16E050EC621E26EDFC4E7F4D6EFD9F018
:10B390000F0EDA15C56F000EDB15C66FC70EC5257B
:10B3A000D96E050EC621DA6E2E0EDF6E0F0EDA157F
:10B3B000C56F000EDB15C66F0F0EC519C611D8A4D8
:10B3C000E4EFD9F0E6EFD9F0F1EFD9F0D76B490E01
:10B3D000AD6FFF0EAE6FC70EAF6F050EB06FECEC2A
:10B3E000FAF00501DA4BDB2BC351DA5DC451DB59AE
:10B3F000D8A0FDEFD9F0FFEFD9F05EEFD9F0120041
:10B40000BDC5D4F5BEC5D5F50F0E0501BF25C16F6D
:10B41000000EC021C26FF00EC115BF6FFF0EC21526
:10B42000C06F000ED76F000ED66FA5EFDAF00F0ECB
:10B43000D615C16F000ED715C26FC151C211D8A465
:10B4400024EFDAF026EFDAF034EFDAF0A90EAD6F80
:10B45000FF0EAE6FBBC5AFF5BCC5B0F5D6C5B1F537
:10B46000D7C5B2F5ECECFAF0CE0E0501AD6FFF0ECC
:10B47000AE6FD651D425D96ED751D521DA6EDF50B3
:10B48000C16FC151AF6FB06BECECFAF00501D65152
:10B49000D425D96ED751D521DA6E1F0EDF6453EF54
:10B4A000DAF055EFDAF079EFDAF0D651D425D96E2B
:10B4B000D751D521DA6E7F0EDF6061EFDAF063EFEE
:10B4C000DAF079EFDAF0D651D425D96ED751D521FB
:10B4D000DA6E0F0ED615C16F000ED715C26FC30EF0
:10B4E000C125E16E050EC221E26EDFC4E7F487EFED
:10B4F000DAF00F0ED615C16F000ED715C26FC30E4E
:10B50000C125D96E050EC221DA6E2E0EDF6E0F0E2A
:10B51000D615C16F000ED715C26F0F0EC119C2111B
:10B52000D8A495EFDAF097EFDAF0A2EFDAF0D36B68
:10B53000490EAD6FFF0EAE6FC30EAF6F050EB06F4D
:10B54000ECECFAF00501D64BD72BBF51D65DC051BC
:10B55000D759D8A0AEEFDAF0B0EFDAF017EFDAF0A3
:10B56000120019C607F61AC608F6AEECCBF00009B1
:10B57000D8B4BDEFDAF0BFEFDAF0C2EFDAF0010EC7
:10B5800060EFDBF019C610F51AC611F51BC612F5EF
:10B590001CC613F51DC614F51EC615F5BBECE9F067
:10B5A00010C523F611C524F612C525F613C526F6D7
:10B5B000060120EE2CF01951D9261A51DA2223C6A1
:10B5C000DEF424C6DEF425C6DEF426C6DEF4300E34
:10B5D0001925046E000E1A21056E000E076E000E6E
:10B5E000066E020E096E000E086E0AECFAF0300EBE
:10B5F00006011925216F000E1A21226F000E286FF7
:10B60000010E276F000E2A6F000E296F0DEFDBF081
:10B6100006012751292728512A2320EE0AF0195123
:10B62000D9261A51DA22DE50295DDE502A59D8B0C7
:10B630001CEFDBF01EEFDBF04BEFDBF021C6F7F584
:10B6400022C6F8F5295123250501F96F06012A5173
:10B6500024210501FA6F000E060125210501FB6F6B
:10B66000000E060126210501FC6F27C6FDF528C640
:10B67000FEF5060120EE01F01951D9261A51DA2201
:10B68000DF5080ECD5F00009D8B449EFDBF04BEF88
:10B69000DBF008EFDBF0060120EE0AF01951D926A5
:10B6A0001A51DA222951DE1807E12A51DE18D8A4EE
:10B6B0005CEFDBF05FEFDBF0010E60EFDBF0000E24
:10B6C000120007016151040D7A0EF324D96E080EA1
:10B6D000F420DA6EDEC49FF6DDC4A0F6BDECDFF028
:10B6E00006018B518C11D8B478EFDBF07AEFDBF0E8
:10B6F0007FEFDBF006019A699B690FEFDCF09FC6D4
:10B700003EF6A0C63FF67C0E406F180E416F000E4D
:10B71000436F800E426FA20E446F060E456F9EEC83
:10B7200096F00601A16FA151D8A499EFDBF09BEF31
:10B73000DBF0A5EFDBF0800EA219A311D8B4A3EFC4
:10B74000DBF0A5EFDBF0B5EFDBF0C00E0501AD6F70
:10B75000FA0EAE6FA1C6AFF5B06BA2C6B1F5A3C627
:10B76000B2F5ECECFAF07AEFDBF007010151D8B456
:10B77000BCEFDBF0BEEFDBF0F8EFDBF00351D8B449
:10B78000C4EFDBF0C6EFDBF0F8EFDBF061C79CF64F
:10B79000010E06019D6F000E9E6F9C2BD3EFDBF018
:10B7A000D8909D379E379C2FD0EFDBF007010451D6
:10B7B00006019D170701055106019E179D519E1117
:10B7C000D8A4E5EFDBF0E7EFDBF0F8EFDBF0C80E35
:10B7D0000501D86FFF0ED96F7C0EDA6F180EDB6F84
:10B7E000000EDD6F800EDC6F72ECF3F00AEFDCF020
:10B7F00067C704F568C705F569C706F56AC707F5A1
:10B800007C0E086E180E096E000E0B6E800E0A6E0E
:10B81000C4ECECF0000E06019B6F000E9A6F120054
:10B820007CC6D9F47DC6DAF4DEC483F6DDC484F6C2
:10B830007CC63EF67DC63FF6000E0601406F000E48
:10B84000416F000E426F000E436F8AECB7F00601A5
:10B85000876F8751D8A42FEFDCF031EFDCF0AAEF2F
:10B86000DCF0000E866F000E856F83C619F684C665
:10B870001AF620EE16F07C51D9267D51DA22DEC46C
:10B880001BF6DEC41CF6DEC41DF6DEC41EF621EC7B
:10B89000EAF00601876F8751D8B451EFDCF053EF1F
:10B8A000DCF055EFDCF0AAEFDCF020EE1AF07C5172
:10B8B000D9267D51DA22DEC480F6DDC481F680C649
:10B8C000D9F481C6DAF4E50EDE18D8B46AEFDCF0FC
:10B8D0006CEFDCF082EFDCF020EE1AF07C51D92620
:10B8E0007D51DA22DEC480F6DDC481F680C6D9F44B
:10B8F00081C6DAF4DF50D8A480EFDCF082EFDCF010
:10B9000092EFDCF0854B862B7E51851907E17F5144
:10B910008619D8A48EEFDCF090EFDCF096EFDCF027
:10B92000AAEFDCF0000E866F000E856F7CC662F613
:10B930007DC663F6000E656F010E646F08ECACF017
:10B940000601876F8751D8B4A8EFDCF0AAEFDCF0CE
:10B9500035EFDCF0040E8719D8A4B1EFDCF0B3EFBB
:10B96000DCF0B5EFDCF0070E876F8751120067C778
:10B9700028F568C729F569C72AF56AC72BF50701B5
:10B9800024512511D8B4C7EFDCF0C9EFDCF041EF4A
:10B99000DDF0000E046E070E056E6B0E066E070ED0
:10B9A000076ED00E84ECE8F0FF0AD8A4DAEFDCF0E2
:10B9B000DCEFDCF0DFEFDCF0010E56EFDDF007012D
:10B9C0006B5170ECFBF00701776F6C5170ECFBF082
:10B9D0000701746F6D5170ECFBF00701756F6F51CB
:10B9E00070ECFBF0236E2350266E276A070170511E
:10B9F00070ECFBF0236E2350246E256A0701715111
:10BA000070ECFBF0236E23502C6E2D6A2D5009E153
:10BA1000500E2C5CD8A00FEFDDF011EFDDF017EF2A
:10BA2000DDF06C0E2C26070E2D221BEFDDF0D00E64
:10BA30002C26070E2D222CC515F52DC516F524C56F
:10BA400017F525C518F526C519F527C51AF518ECFB
:10BA5000E8F015C572F716C573F728C504F529C5B2
:10BA600005F52AC506F52BC507F5720E086E070EFB
:10BA7000096E000E0B6E060E0A6EC4ECECF055EF6C
:10BA8000DDF0A19E28C504F529C505F52AC506F5F2
:10BA90002BC507F5720E086E070E096E000E0B6EB1
:10BAA000060E0A6EC4ECECF0A18E000E12002D0EF4
:10BAB0003C6E050E3D6E55C735F556C736F557C772
:10BAC00037F558C738F5070124512511D8B46BEF65
:10BAD000DDF06DEFDDF07BEFDDF074ECF9F02A5076
:10BAE0002B10D8B476EFDDF078EFDDF07DEFDDF0F0
:10BAF000010EF2EFDDF001ECF6F071C73AF53B6AAA
:10BB00003B5009E1700E3A5CD8A089EFDDF08BEF75
:10BB1000DDF093EFDDF0000E3A103A6E190E3B1097
:10BB20003B6E99EFDDF0000E3A103A6E200E3B109E
:10BB30003B6E3B503CC5D9F43DC5DAF4DF6E3C4A60
:10BB40003D2A3CC5D9F43DC5DAF43AC5DFF43C4A98
:10BB50003D2A70C739F5390639C52CF50F0E2C165C
:10BB6000090E2C64B6EFDDF0B8EFDDF0BAEFDDF0D2
:10BB7000060E395E3CC5D9F43DC5DAF439C5DFF4AB
:10BB80003C4A3D2A3CC5D9F43DC5DAF46FC7DFF421
:10BB90003C4A3D2A3CC5D9F43DC5DAF46DC7DFF413
:10BBA0003C4A3D2A3CC5D9F43DC5DAF46CC7DFF404
:10BBB0003C4A3D2A3CC5D9F43DC5DAF46BC7DFF4F5
:10BBC00035C504F536C505F537C506F538C507F59D
:10BBD0002D0E086E050E096E4EC70AF50B6AC4ECF1
:10BBE000ECF0000E12000A680B6806C5D9F407C510
:10BBF000DAF4DE6ADD6ADEC40DF5DDC40EF539EF78
:10BC0000DEF004C5D9F405C5DAF4DF500C6E044A41
:10BC1000052A06C5D9F407C5DAF4DE2A000EDD22AE
:10BC20002F0E0C6416EFDEF018EFDEF045EFDEF0BD
:10BC3000390E0C641EEFDEF020EFDEF022EFDEF0B6
:10BC400045EFDEF00A0E0D02F3C408F5F4C409F561
:10BC50000E02F35009260C500826000E0922D00EC1
:10BC600008240D6EFF0E09200E6E000E0B6E000EE6
:10BC70000A6E04C5D9F405C5DAF4DF50D8A443EF41
:10BC8000DEF045EFDEF001EFDEF00A2806E10B28DA
:10BC9000D8A44DEFDEF04FEFDEF070EFDEF00AC516
:10BCA0000DF50BC50EF50DC504F50EC505F58CEFAC
:10BCB000DEF004C5D9F405C5DAF4DF50D8A463EF8B
:10BCC000DEF065EFDEF067EFDEF088EFDEF0044ACD
:10BCD000052A06C5D9F407C5DAF4DE2A000EDD22EE
:10BCE00004C5D9F405C5DAF42F0EDF647AEFDEF06F
:10BCF0007CEFDEF059EFDEF004C5D9F405C5DAF4C7
:10BD00003A0EDF6086EFDEF088EFDEF059EFDEF00E
:10BD10000DC504F50EC505F512000001848384816C
:10BD2000886B8B6B8599868386810501BF05D8A4B6
:10BD30009CEFDEF09EEFDEF0A2EFDEF000018495D6
:10BD4000A4EFDEF0000184850501C051D8A4ABEF5B
:10BD5000DEF0ADEFDEF0B3EFDEF00001859F858D04
:10BD6000859BC2EFDEF0620EAD6FF90EAE6F8C0EEA
:10BD7000AF6FFE0EB06FC0C5B1F5B26BECECFAF070
:10BD8000C0EFDEF08C6BFAEFDEF0020E00018C6F7C
:10BD9000020E896F25EFDFF00F0E0001896F25EF8E
:10BDA000DFF0070E0001896F25EFDFF0050E0001BF
:10BDB000896F25EFDFF0040E0001896F25EFDFF0BA
:10BDC000030E0001896F25EFDFF0020E0001896F7D
:10BDD00025EFDFF0B90EAD6FF70EAE6F8C0EAF6FC3
:10BDE000FE0EB06FBDC5B1F5BEC5B2F5ECECFAF014
:10BDF00025EFDFF0BDC5C1F5BEC5C2F50501C251D5
:10BE0000000AD8B406EFDFF0EAEFDEF0C151000A15
:10BE1000D8B4C5EFDEF0010AD8B4CCEFDEF0030AE7
:10BE2000D8B4D1EFDEF0010AD8B4D6EFDEF0070ABD
:10BE3000D8B4DBEFDEF0010AD8B4E0EFDEF0030A9D
:10BE4000D8B4E5EFDEF0EAEFDEF01200010E0F24C9
:10BE50001B6E000E10201C6E070E1E6EBC0E1D6E9B
:10BE60001DC509F51EC50AF5EAECF2F009C517F57E
:10BE70000AC518F56D0E17241F6E010E1820206ECE
:10BE80001B501F5C1C502058D8A049EFDFF04BEF2F
:10BE9000DFF04DEFDFF055EFDFF01F501B5E20505D
:10BEA0001C5A1D4A1E2A30EFDFF0D00E1D5C070E13
:10BEB0001E58D8A05EEFDFF060EFDFF066EFDFF036
:10BEC000D00E1D5E070E1E5A6AEFDFF06C0E1D5E6F
:10BED000070E1E5A11C5D9F412C5DAF41DC5DEF4D9
:10BEE0001EC5DDF4000E1A6E000E196ED8901934BE
:10BEF000F66E1A34F76E070EF626F60EF722F86A7B
:10BF0000000EF8220900F5C41FF50A00F5C420F55B
:10BF100019041A10D8A48FEFDFF091EFDFF095EF3E
:10BF2000DFF017501F26185020221B501F5C1C509A
:10BF30002058D8A09EEFDFF0A0EFDFF0A2EFDFF0F7
:10BF4000AAEFDFF01F501B5E20501C5A194A1A2A14
:10BF500076EFDFF0194A1A2A13C5D9F414C5DAF4BA
:10BF600019C5DEF41AC5DDF415C5D9F416C5DAF421
:10BF70001BC5DEF41CC5DDF4120007016151040D80
:10BF80007A0EF324D96E080EF420DA6EDEC497F62A
:10BF9000DDC498F66151040D7A0EF324D96E080EB3
:10BFA000F420DA6EDE50DE10D8A4D9EFDFF0DBEF3C
:10BFB000DFF0E0EFDFF006018B698C694BEFE0F01A
:10BFC0006151040D780EF324D96E080EF420DA6E58
:10BFD000DEC48DF6DDC48EF606018D5107016303C4
:10BFE000F3C48FF6F4C490F66403F350060190276F
:10BFF0008E51070163030601F35090270701655135
:10C0000006018F270701665106019023FF0E8F2539
:10C01000916FFF0E9021926F91C693F692C694F69F
:10C02000956B966B97C662F698C663F693C68DF6C7
:10C0300094C68EF695C68FF696C690F6070ED890E3
:10C040008D378E378F379037E82E1FEFE0F08DC693
:10C0500064F68EC665F68FC666F690C667F6D7ECB0
:10C060008EF00601996F9951D8B439EFE0F03BEFAB
:10C07000E0F047EFE0F0B10E0501AD6FFD0EAE6FE1
:10C0800099C6AFF5B06BECECFAF0DBEFDFF0000E29
:10C090008C6F000E8B6F1200000E0501C36F000E37
:10C0A000C26FE7ECF8F004500501C46F080EC41924
:10C0B000D8A45DEFE0F05FEFE0F07EEFE0F0C3BF0B
:10C0C0006AEFE0F0C35108E1C205D8A06AEFE0F0E2
:10C0D0006CEFE0F051EFE0F0080EA2ECFBF0200E68
:10C0E000A2ECFBF0080EA2ECFBF00501C207D8A001
:10C0F000C307BB07D8A0BC0751EFE0F00D0EC41971
:10C10000D8B485EFE0F087EFE0F090EFE0F00A0EB2
:10C11000C419D8A48EEFE0F090EFE0F0A1EFE0F0CA
:10C12000BBC5D9F4BCC5DAF4DF6A8D0EAD6FFC0E69
:10C13000AE6FECECFAF0C2C5BBF5C3C5BCF5D8EFE9
:10C14000E0F0FF0EBD25BF6FFF0EBE21C06FC251D4
:10C15000BF5DC051800AC16FC351800AC159D8A0C8
:10C16000B4EFE0F0B6EFE0F051EFE0F0C451A2EC34
:10C17000FBF0600E0501C465C0EFE0F0C2EFE0F037
:10C18000CCEFE0F07B0EC461C8EFE0F0CAEFE0F066
:10C19000CCEFE0F0200EC45FBBC5D9F4BCC5DAF427
:10C1A000C4C5DFF4BB4BBC2BC24BC32B51EFE0F03B
:10C1B0001200500E0601AF6F080EB06FE30EB16FA4
:10C1C000FF0EB26FCCECD7F00009D8B4EAEFE0F084
:10C1D000ECEFE0F0F5EFE0F02A0E0501AD6FFC0E9C
:10C1E000AE6FECECFAF0F3EFE0F0000E0601B96F81
:10C1F000000EB86F500E896F080E8A6F000E8B6F9D
:10C20000000E8C6FC4ECE6F02BEFE1F03A0E046EFA
:10C21000070E056EB6C606F5B7C607F5EBECF4F0EB
:10C2200004500510D8A417EFE1F019EFE1F02BEF5F
:10C23000E1F0000E0601B96F010EB86F4F0E050157
:10C24000AD6FFF0EAE6F3A0EAF6F070EB06FECEC36
:10C25000FAF047EFE1F0500E0601896F080E8A6F81
:10C26000310E8B6F070E8C6FC4ECE6F00009D8A47A
:10C270003CEFE1F03EEFE1F047EFE1F007013A512A
:10C28000D8A445EFE1F047EFE1F006EFE1F0500E02
:10C290000501C76F080EC86FEEECF9F00601B85142
:10C2A000B911D8A456EFE1F058EFE1F065EFE1F0F5
:10C2B000900E0501AD6FFC0EAE6FB6C6AFF5B7C6FA
:10C2C000B0F5ECECFAF063EFE1F012000D6A0BBE92
:10C2D0006EEFE1F06CEFE1F078EFE1F00B1E0A1E7B
:10C2E000091E086C000E09220A220B22010E0D6E97
:10C2F00007BE7FEFE1F07DEFE1F089EFE1F0071E8F
:10C30000061E051E046C000E052206220722010EE1
:10C310000D1A000E0E6E000E0F6E000E106E000E47
:10C32000116E085009100A100B10D8B49AEFE1F002
:10C330009CEFE1F0D2EFE1F0010E0C6EA6EFE1F020
:10C34000D890083609360A360B360C2A0BAEABEFFE
:10C35000E1F0ADEFE1F0A0EFE1F0D8900E360F364E
:10C36000103611360850045C095005580A5006581A
:10C370000B500758D8A0BFEFE1F0C1EFE1F0CAEFD2
:10C38000E1F00850045E0950055A0A50065A0B5055
:10C39000075A0E80D8900B320A32093208320C2E1E
:10C3A000ADEFE1F00D50D8B4D8EFE1F0DAEFE1F005
:10C3B000E2EFE1F0111E101E0F1E0E6C000E0F2298
:10C3C000102211220EC504F50FC505F510C506F59E
:10C3D00011C507F51200063407340D6E0D50D8A4B0
:10C3E000F4EFE1F0F6EFE1F000EFE2F0000E046EA2
:10C3F000000E056E000E066E000E076E6DEFE2F089
:10C4000004C508F505C509F506C50AF507C50BF508
:10C41000200E10EFE2F0D8900B320A3209320832C7
:10C42000E82E0BEFE2F008500C6E068EFF0E04169D
:10C43000FF0E0516FF0E0616000E0716960E0D5E71
:10C440000DBE27EFE2F025EFE2F03DEFE2F00D50F8
:10C45000800A970FD8B02FEFE2F031EFE2F033EF20
:10C46000E2F0F6EFE1F0D8900732063205320432FE
:10C470000D3E33EFE2F055EFE2F01F0E0D6443EF97
:10C48000E2F045EFE2F04DEFE2F0F6EFE1F0D890A8
:10C4900004360536063607360D060D50D8A453EF80
:10C4A000E2F055EFE2F047EFE2F00C50D8B45BEF6A
:10C4B000E2F05DEFE2F065EFE2F0071E061E051EFA
:10C4C000046C000E05220622072204C504F505C5EA
:10C4D00005F506C506F507C507F51200000E2B1475
:10C4E000336E000E2C14346E800E2D14356E7F0EBC
:10C4F0002E14366E3350341035103610D8A483EF16
:10C50000E2F085EFE2F08DEFE2F0000E2B6E000E10
:10C510002C6E000E2D6E000E2E6E000E2F14336E3C
:10C52000000E3014346E800E3114356E7F0E3214CE
:10C53000366E3350341035103610D8A4A2EFE2F026
:10C54000A4EFE2F0ACEFE2F0000E2F6E000E306EC2
:10C55000000E316E000E326E2EAEB1EFE2F0B3EF90
:10C56000E2F0BCEFE2F02B6C2C1ED8B02C2A2D1E72
:10C57000D8B02D2A800E2E5632AEC1EFE2F0C3EFB6
:10C58000E2F0CCEFE2F02F6C301ED8B0302A311E32
:10C59000D8B0312A800E3256000E2B1A000E2C1AFB
:10C5A000000E2D1A800E2E1A000E2F1A000E301AB1
:10C5B000000E311A800E321A2F502B5C30502C583E
:10C5C00031502D5832502E58D8B0E9EFE2F0EBEF51
:10C5D000E2F0EEEFE2F0D890EFEFE2F0D880120058
:10C5E00067C721F568C722F569C723F56AC724F52F
:10C5F000070124512511D8B400EFE3F002EFE3F076
:10C600005BEFE3F021C504F522C505F523C506F56A
:10C6100024C507F5720E086E070E096E000E0B6E2C
:10C62000060E0A6E0EECECF072C70FF573C710F52C
:10C63000250E116E050E126E270E136E050E146E6A
:10C64000290E156E050E166E26ECDFF007017751E8
:10C65000A4ECF2F007016B6F7451A4ECF2F0070147
:10C660006C6F7551A4ECF2F007016D6F2950A4ECCA
:10C67000F2F007016F6F2750A4ECF2F00701706F22
:10C680002550A4ECF2F00701716F000E046E070E46
:10C69000056E6B0E066E070E076ED00EE8ECF0F01E
:10C6A000FF0AD8A456EFE3F058EFE3F06FEFE3F0A2
:10C6B000010E70EFE3F0A19E21C504F522C505F53A
:10C6C00023C506F524C507F5720E086E070E096E20
:10C6D000000E0B6E060E0A6E0EECECF0A18E000E34
:10C6E0001200090E0501C66FBC51BD11D8B47BEF15
:10C6F000E3F07DEFE3F0D1EFE3F0BCC5D9F4BDC5C5
:10C70000DAF4DE50DE10D8B488EFE3F08AEFE3F01D
:10C71000D1EFE3F0BCC5D9F4BDC5DAF4DEC4C0F591
:10C72000DDC4C1F5C0C5D9F4C1C5DAF4DF50D8B451
:10C730009CEFE3F09EEFE3F0D1EFE3F0BCC5D9F45A
:10C74000BDC5DAF410EE06F0DE50E126DD50E2223F
:10C7500020EE02F0BC51D926BD51DA22E650DE1897
:10C7600007E1E650DE18D8A4B8EFE3F0BAEFE3F043
:10C77000D1EFE3F0BCC5D9F4BDC5DAF410EE01F099
:10C78000DE50E126DD50E222E75030ECF3F0050107
:10C79000C06FC0B1CEEFE3F0D0EFE3F0D1EFE3F044
:10C7A000C66BC651D8B4D7EFE3F0D9EFE3F0DFEFB3
:10C7B000E3F0000EC46F000EC56FE7EFE3F0BCC5F9
:10C7C000D9F4BDC5DAF4DEC4C4F5DDC4C5F5BEC513
:10C7D000D9F4BFC5DAF4C4C5DEF4C5C5DDF4C6516D
:10C7E00012000FC70EF510C70FF511C710F512C7CD
:10C7F00011F504C50EF505C50FF506C510F507C5FD
:10C8000011F50EC508F50FC509F510C50AF511C5D6
:10C810000BF5180E11EFE4F0D8900B320A32093202
:10C820000832E82E0CEFE4F008500C6E0D6A0C5044
:10C830000D10D8A41EEFE4F020EFE4F040EFE4F098
:10C84000D8900E34086E0F34096E10340A6E11340D
:10C850000B6E085009100A100B10D8A432EFE4F048
:10C8600034EFE4F03AEFE4F0000E056E020E046ED1
:10C870006FEFE4F0000E056E030E046E6FEFE4F050
:10C880000C280D10D8A447EFE4F049EFE4F06BEF6B
:10C89000E4F00EC508F50FC509F510C50AF511C578
:10C8A0000BF5090ED890083609360A360B36E82EF5
:10C8B00052EFE4F0085009100A100B10D8B463EFDF
:10C8C000E4F066EFE4F0010E67EFE4F0000E046EB2
:10C8D000056A6FEFE4F0000E056E040E046E1200A0
:10C8E000B1C6B5F6B2C6B6F6B50E046E060E056E46
:10C8F0005BECD2F004C5B9F605C5BAF60601BABFBD
:10C9000086EFE4F084EFE4F089EFE4F00B0EECEF57
:10C91000E4F0D890B935D96EBA35DA6E220ED92640
:10C92000070EDA22DEC4B7F6DDC4B8F6B751B81187
:10C93000D8B49DEFE4F09FEFE4F0AFEFE4F0D890CF
:10C94000B935D96EBA35DA6E220ED926070EDA223B
:10C95000DE6ADD6AB7C6D9F4B8C6DAF4DF6AAF5169
:10C96000B011D8B4B6EFE4F0B8EFE4F0D2EFE4F0F1
:10C9700020EE01F0AF51D926B051DA22B9C6DFF46A
:10C98000AFC6D9F4B0C6DAF4DF6AD890B935D96E3B
:10C99000BA35DA6E220ED926070EDA22AFC6DEF4D9
:10C9A000B0C6DDF4B351D8A4D8EFE4F0DAEFE4F088
:10C9B000DDEFE4F0000EECEFE4F0B10E816F060E57
:10C9C000826FAF0E836F060E846F000E856F00ECD2
:10C9D00080F00601B46FB4511200D40E0701176F36
:10C9E000810E186F010E196FE0ECFBF05D0E050172
:10C9F000AD6FF60EAE6FECECFAF0AF0E0501AD6F59
:10CA0000070EAE6FDA0EAF6FFF0EB06F3A0EB16F5A
:10CA1000070EB26F7A0EB36FFF0EB46F49ECF8F0E9
:10CA2000AF0E07017C6F070E7D6F000E7E6F200E2C
:10CA30007F6F000E806F000E816FBAECD4F07CC760
:10CA4000CDF77DC7CEF70701CD51CE11D8A42BEF7E
:10CA5000E5F02DEFE5F053EFE5F0AF0E0501AD6F1A
:10CA6000070EAE6FDA0EAF6FFF0EB06F3A0EB16FFA
:10CA7000070EB26FB10EB36FFF0EB46F49ECF8F052
:10CA8000AF0E07017C6F070E7D6F000E7E6F000EEC
:10CA90007F6F000E806F000E816FBAECD4F07CC700
:10CAA000CDF77DC7CEF70701CD51CE11D8B45BEFDE
:10CAB000E5F05DEFE5F066EFE5F0BF0E0501AD6F67
:10CAC000FB0EAE6FECECFAF064EFE5F012000FC570
:10CAD00004F510C505F5170E066E050E076EF3EC8E
:10CAE000DDF004C519F505C51AF5192806E11A285F
:10CAF000D8A47DEFE5F07FEFE5F083EFE5F00F6878
:10CB00001068DBEFE5F011C5D9F412C5DAF419C5E8
:10CB1000DEF41AC5DDF417500F26185010220FC589
:10CB200004F510C505F5170E066E050E076EF3EC3D
:10CB3000DDF004C519F505C51AF5192806E11A280E
:10CB4000D8A4A5EFE5F0A7EFE5F0A9EFE5F07FEFBA
:10CB5000E5F013C5D9F414C5DAF419C5DEF41AC525
:10CB6000DDF417500F26185010220FC504F510C51C
:10CB700005F5170E066E050E076EF3ECDDF004C525
:10CB800019F505C51AF5192806E11A28D8A4CBEF1E
:10CB9000E5F0CDEFE5F0CFEFE5F07FEFE5F015C57F
:10CBA000D9F416C5DAF419C5DEF41AC5DDF4000EA1
:10CBB000106E000E0F6E12000D6A07BEE4EFE5F076
:10CBC000E2EFE5F0EEEFE5F0071E061E051E046C31
:10CBD000000E052206220722010E0D6E0BBEF5EF98
:10CBE000E5F0F3EFE5F0FDEFE5F00B1E0A1E091E80
:10CBF000086C000E09220A220B22085009100A10A4
:10CC00000B10D8B406EFE6F008EFE6F038EFE6F0E8
:10CC1000010E0C6E12EFE6F0D890083609360A368F
:10CC20000B360C2A0BAE17EFE6F019EFE6F00CEF1F
:10CC3000E6F00850045C095005580A5006580B509D
:10CC40000758D8A026EFE6F028EFE6F030EFE6F040
:10CC50000850045E0950055A0A50065A0B50075AEC
:10CC6000D8900B320A32093208320C2E19EFE6F056
:10CC70000D50D8B43EEFE6F040EFE6F048EFE6F0B6
:10CC8000071E061E051E046C000E05220622072242
:10CC900004C504F505C505F506C506F507C507F580
:10CCA0001200E4ECFBF05D0E0501AD6FF60EAE6F09
:10CCB000ECECFAF0AF0E0501AD6F070EAE6FDA0EB9
:10CCC000AF6FFF0EB06F3A0EB16F070EB26F5B0E13
:10CCD000B36FFF0EB46F49ECF8F0AF0E07017C6F35
:10CCE000070E7D6F000E7E6F000E7F6F000E806F4F
:10CCF000000E816FBAECD4F07CC7CDF77DC7CEF7BC
:10CD00000701CD51CE11D8A488EFE6F08AEFE6F006
:10CD1000B0EFE6F0AF0E0501AD6F070EAE6FDA0EA5
:10CD2000AF6FFF0EB06F3A0EB16F070EB26F700E9D
:10CD3000B36FFF0EB46F49ECF8F0AF0E07017C6FD4
:10CD4000070E7D6F000E7E6F620E7F6F000E806F8C
:10CD5000000E816FBAECD4F07CC7CDF77DC7CEF75B
:10CD60000701CD51CE11D8B4B8EFE6F0BAEFE6F036
:10CD7000C3EFE6F0BF0E0501AD6FFB0EAE6FECEC3E
:10CD8000FAF0C1EFE6F0120089C6BCF58AC6BDF51F
:10CD90008D0E0501BE6F060EBF6F71ECE3F006014C
:10CDA0008F6F8F51D8A4D7EFE6F0D9EFE6F035EFCB
:10CDB000E7F08B518C11D8A4E0EFE6F0E2EFE6F05B
:10CDC000F4EFE6F089C63EF68AC63FF6000E406FE5
:10CDD000000E416F000E426F000E436F8AECB7F0F9
:10CDE00006018F6F35EFE7F089C67CF68AC67DF6BF
:10CDF000000E7F6F000E7E6F44ECCEF006018F6F49
:10CE0000040E8F19D8A407EFE7F009EFE7F00AEF57
:10CE1000E7F08F6B8F51D8A410EFE7F012EFE7F037
:10CE200035EFE7F089C611F58AC612F58BC613F502
:10CE30008CC614F5C8ECC8F089C662F68AC663F6DB
:10CE4000000E0601656F000E646F08ECACF0060181
:10CE50008F6F040E8F19D8A430EFE7F032EFE7F0B0
:10CE600035EFE7F08F6B35EFE7F08F51120088C692
:10CE7000D9F489C6DAF4DEC48AF6DDC48BF688C636
:10CE80007CF689C67DF6000E06017F6F010E7E6F6F
:10CE900010ECDCF006018C6F8C51D8A452EFE7F057
:10CEA00054EFE7F0A6EFE7F08AC619F68BC61AF63C
:10CEB00020EE16F08851D9268951DA22DEC41BF6FD
:10CEC000DEC41CF6DEC41DF6DEC41EF621ECEAF05C
:10CED00006018C6F8C51D8A470EFE7F072EFE7F089
:10CEE000A6EFE7F020EE1AF08851D9268951DA2210
:10CEF000DEC404F5DDC405F5000E076E000E066EF7
:10CF0000000E096E200E086E0AECFAF0060120EE03
:10CF10001AF08851D9268951DA22DEC404F5DDC41D
:10CF200005F51C0E8825066E000E8921076E000E81
:10CF3000096E0B0E086E99ECF8F0060120EE04F075
:10CF40008A51D9268B51DA22010EDF6E8C511200E4
:10CF5000066E230EF66EF60EF76E000EF86E0900E2
:10CF6000F550065CD8A0B7EFE7F0B9EFE7F013EFA4
:10CF7000E8F0240EF66EF60EF76E000EF86E065010
:10CF80000900F55CD8A0C7EFE7F0C9EFE7F0CFEFF5
:10CF9000E7F0000E056E010E046E17EFE8F0250EA7
:10CFA000F66EF60EF76E000EF86E0900F550065C90
:10CFB000D8A0DDEFE7F0DFEFE7F0F1EFE7F0260EC6
:10CFC000F66EF60EF76E000EF86E06500900F55C70
:10CFD000D8A0EDEFE7F0EFEFE7F0F1EFE7F0C9EF02
:10CFE000E7F0270EF66EF60EF76E000EF86E0900EB
:10CFF000F550065CD8A0FFEFE7F001EFE8F013EF83
:10D00000E8F0280EF66EF60EF76E000EF86E06507B
:10D010000900F55CD8A00FEFE8F011EFE8F013EF8E
:10D02000E8F0C9EFE7F0000E056E000E046E120086
:10D0300015C50FF516C510F51EECF7F00FC51FF559
:10D0400010C520F5020E17181810D8A42AEFE8F022
:10D050002CEFE8F039EFE8F01D0E19181A10D8A4DB
:10D0600034EFE8F036EFE8F039EFE8F01F06D8A02B
:10D07000200617C504F518C505F519C506F51AC526
:10D0800007F527ECF5F004C521F505C522F522507A
:10D0900007E13C0E215CD8B050EFE8F052EFE8F029
:10D0A00064EFE8F015C509F516C50AF5EAECF2F0EB
:10D0B00009500A10D8B45FEFE8F061EFE8F064EFD0
:10D0C000E8F01F06D8A020066D0E1B6E010E1C6E28
:10D0D0001B501502F3C41DF5F4C41EF51602F350DF
:10D0E0001E261C501502F3501E261F501D262050D0
:10D0F0001E2221501D2622501E22F30E1D24156EC5
:10D10000F80E1E20166E1200096E0868DBECFBF0AC
:10D1100002019699948D0950FE0B8F6F010E8D6F51
:10D1200004C58CF2948B5EECFAF00009D8A49BEF56
:10D13000E8F09DEFE8F0E4EFE8F0020199ABA3EF2F
:10D14000E8F0A5EFE8F09DEFE8F05EECFAF00009FA
:10D15000D8A4ADEFE8F0AFEFE8F0E4EFE8F00201BB
:10D1600094A7B5EFE8F0B7EFE8F0AFEFE8F00950BB
:10D1700001098F6F05C58DF2949D9A9F948B5EEC8B
:10D18000FAF00009D8A4C7EFE8F0C9EFE8F0E4EF3F
:10D19000E8F0086ADCEFE8F099A1D1EFE8F0D3EF0E
:10D1A000E8F0DCEFE8F006C5D9F407C5DAF48BC285
:10D1B000DFF4064A072A082A02019AAFE2EFE8F0F4
:10D1C000E4EFE8F0CCEFE8F0020198BBEAEFE8F01A
:10D1D000ECEFE8F0E4EFE8F00850120004C50CF5BD
:10D1E00005C50DF506C50EF507C50FF5FFEFE8F00F
:10D1F0000806D8A009060C4A0D2A0E4A0F2A085024
:10D200000910D8B406EFE9F008EFE9F027EFE9F0EC
:10D210000CC5D9F40DC5DAF4DF500A6E0EC5F6F46C
:10D220000FC5F7F4000EF86E250EF76403D0080062
:10D23000F55005D0F6C4E9F4F7C4EAF4EF500A1843
:10D24000D8B425EFE9F027EFE9F0F8EFE8F008505F
:10D250000910D8A42EEFE9F030EFE9F036EFE9F04D
:10D26000000E056E000E046E54EFE9F00CC5D9F403
:10D270000DC5DAF4DF500A6E0EC5F6F40FC5F7F4EB
:10D28000000EF86E250EF76403D00800F55005D0A7
:10D29000F6C4E9F4F7C4EAF4EF500B6E0B500A5CE5
:10D2A000046E056AD8A005061200000E0C6E000E72
:10D2B0000B6E04C5D9F405C5DAF4DEC4F6F4DDC49A
:10D2C000F7F4000EF86E0800F5502A0AD8A46BEFA8
:10D2D000E9F06DEFE9F0A0EFE9F004C5D9F405C578
:10D2E000DAF4DE2A000EDD2206C5D9F407C5DAF429
:10D2F000DFC408F5020EDE26DFC409F5000EDD22CC
:10D3000008C5D9F409C5DAF4DEC40BF5DDC40CF5A3
:10D31000B6EFE9F00A0E0B02F3C408F5F4C409F500
:10D320000C02F35009260A5008240B6E000E092047
:10D330000C6E04C5D9F405C5DAF4DE2A000EDD2230
:10D3400004C5D9F405C5DAF4DEC4F6F4DDC4F7F497
:10D35000000EF86E0800F550D00F0A6E090E0A6430
:10D36000B4EFE9F0B6EFE9F08AEFE9F00BC504F5A8
:10D370000CC505F51200020E125E000E135A145A67
:10D38000155A20EE14F01050D9261150DA22FE0E54
:10D39000DE24166EFF0EDE20176EFF0EDE20186EE6
:10D3A000FF0EDE20196E1650125C175013581850DD
:10D3B000145819501558D8A0E0EFE9F0E2EFE9F061
:10D3C000ECEFE9F0000E106E000E116E000E126E02
:10D3D000000E136E20EFEAF020EE28F01050D92650
:10D3E0001150DA22DEC416F5DEC417F5DEC418F5D6
:10D3F000DEC419F520EE0AF01050D9261150DA22B9
:10D40000DEC41AF5DDC41BF51AC504F51BC505F508
:10D41000066A076A12C508F513C509F514C50AF5A9
:10D4200015C50BF599ECF5F016500424106E175045
:10D430000520116E18500620126E19500720136E29
:10D4400012000601236B20EE2CF01951D9261A5137
:10D45000DA221B51DE180FE11C51DE180CE11D51C0
:10D46000DE1809E11E51DE18D8B439EFEAF03BEFBF
:10D47000EAF084EFEAF019C607F61AC608F6AEEC31
:10D48000CBF00601236F2351D8A449EFEAF04BEF0C
:10D49000EAF084EFEAF0300E1925006F000E1A2131
:10D4A000016F1BC602F61CC603F61DC604F61EC697
:10D4B00005F6000E076F010E066F20EE01F0195100
:10D4C000D9261A51DA22DF50F3ECD3F00009D8B490
:10D4D0006CEFEAF06EEFEAF075EFEAF006011B6917
:10D4E0001C691D691E69010E236F060120EE2CF0D8
:10D4F0001951D9261A51DA221BC6DEF41CC6DEF4F5
:10D500001DC6DEF41EC6DEF42351120007011A51B7
:10D510001B11D8A48EEFEAF090EFEAF096EFEAF054
:10D520001AC714F51BC715F59CEFEAF0FF0E1A2574
:10D53000146EFF0E1B21156E5CA0A1EFEAF0A3EFA5
:10D54000EAF0ACEFEAF010C505F5066A0EC507F57E
:10D550000FC508F5EBECEAF015BEB1EFEAF0B3EF5A
:10D56000EAF0B5EFEAF0B9EFEAF0000E156E000E42
:10D57000146E000E136E000E126ECBEFEAF0000E6A
:10D58000066E200E056E0EC507F50FC508F5EBEC0F
:10D59000EAF0124A132A1450125C1350800A116EDA
:10D5A0001550800A1158D8A0D8EFEAF0DAEFEAF067
:10D5B000BFEFEAF05CB0DFEFEAF0E1EFEAF0EAEFAC
:10D5C000EAF010C505F5066A0EC507F50FC508F5A2
:10D5D000EBECEAF0120007500810D8B4F2EFEAF0D2
:10D5E000F4EFEAF0FDEFEAF007500810D8A4FBEFE3
:10D5F000EAF0FDEFEAF002EFEBF00550A2ECFBF0F1
:10D600004FEFEBF020EE09F00750D9260850DA2250
:10D61000DE50DE10D8B40FEFEBF011EFEBF02CEF93
:10D62000EBF020EE09F00750D9260850DA2210EE70
:10D6300002F00750E1260850E222DE50E65CE65098
:10D64000800A0D6EDE50800A0D58D8B02AEFEBF03C
:10D650002CEFEBF04FEFEBF020EE02F00750D92665
:10D660000850DA22DEC409F5DDC40AF507C5D9F48D
:10D6700008C5DAF4DEC40BF5DDC40CF509500B2443
:10D68000D96E0A500C20DA6E05C5DFF420EE02F0E8
:10D690000750D9260850DA22DE2A000EDD221200B9
:10D6A00006C50FF507C510F508500F240D6E09507B
:10D6B00010200E6EA2EFEBF0045005C50AF50B6EBC
:10D6C0000A50046E0BC505F50FC5D9F410C5DAF480
:10D6D000DF500A6E0A50041A0F4A102A04C50AF5D0
:10D6E00005C50BF5040E0C6ED8900B320A320C2EC9
:10D6F00074EFEBF00F0E0A16000E0B160A50041A08
:10D700000B50051A04C50AF505C50BF50C0ED8908B
:10D710000A360B36E82E87EFEBF00A50041A0B504E
:10D72000051AFF0E04140A6E000E05140B6E050E8A
:10D73000D8900A360B36E82E98EFEBF00A50041A10
:10D740000B50051A0D500F5C0E501058D8A0ABEFBF
:10D75000EBF0ADEFEBF05CEFEBF004C504F505C5C5
:10D7600005F5120020EE03F00450D9260550DA2208
:10D77000DF50086E08500D6E0E6A0F6A106A20EEB8
:10D7800002F00450D9260550DA22DF50086E085006
:10D790000DC50AF50EC50BF50FC50CF5096A091084
:10D7A0000D6E0A500E6E0B500F6E0C50106E20EE68
:10D7B00001F00450D9260550DA22DF50086E0850D7
:10D7C0000DC50AF50EC50BF50FC50CF5096A091054
:10D7D0000D6E0A500E6E0B500F6E0C50106E04C57D
:10D7E000D9F405C5DAF4DF50086E08500DC50AF506
:10D7F0000EC50BF50FC50CF5096A09100D6E0A5020
:10D800000E6E0B500F6E0C50106E0DC504F50EC54C
:10D8100005F50FC506F510C507F5120004C50FF58F
:10D8200005C510F506C511F507C512F5000E0E6EFB
:10D83000000E0D6E5DEFECF00FC5BFF410C5C1F426
:10D8400011B025EFECF028EFECF0BE8029EFECF002
:10D85000BE9011C50CF5D8900C320C30D8B033EF17
:10D86000ECF036EFECF0BE8237EFECF0BE9211C573
:10D870000CF5D8900C32D8900C320C30D8B043EF65
:10D88000ECF046EFECF0BE8447EFECF0BE94C284BF
:10D89000C294C768C092010E0F26000E10221122FA
:10D8A00012220D500824D96E0E500920DA6ECFC412
:10D8B000DFF40D4A0E2AC082C76A0A500D5C0B5075
:10D8C0000E58D8A066EFECF068EFECF01CEFECF02F
:10D8D0001200216E06C729F507C72AF52150400915
:10D8E000226E1EC523F51DC524F51CC525F51BC5D7
:10D8F00026F5220E046E050E056E000E076E050E4F
:10D90000066EB3ECF3F00109276E29C508F52AC5A8
:10D9100009F522ECFBF029C50EF52AC50FF5000E1E
:10D92000116E010E106E94ECF6F029C504F52AC5AF
:10D9300005F5220E066E050E076E000E096E060E28
:10D94000086E7FECF1F008C715F509C716F5FF0E54
:10D950002FECF9F0286E1FC5D9F420C5DAF428C5DC
:10D96000DFF42828D8A4B7EFECF0B9EFECF0BFEF64
:10D97000ECF0000E1C6E010E1B6EC3EFECF0000EFF
:10D980001C6E000E1B6E120004C50FF505C510F5C8
:10D9900006C511F507C512F5000E0E6E000E0D6ED0
:10D9A00013EFEDF00FC5BFF410C5C1F411B0DBEFFC
:10D9B000ECF0DEEFECF0BE80DFEFECF0BE9011C5D6
:10D9C0000CF5D8900C320C30D8B0E9EFECF0ECEF5D
:10D9D000ECF0BE82EDEFECF0BE9211C50CF5D890E4
:10D9E0000C32D8900C320C30D8B0F9EFECF0FCEFE0
:10D9F000ECF0BE84FDEFECF0BE94C284C294C09201
:10DA00000D500824D96E0E500920DA6EDF50BF6E1B
:10DA1000BE98BE88C0820D4A0E2A010E0F26000E47
:10DA20001022112212220A500D5C0B500E58D8A061
:10DA30001CEFEDF01EEFEDF0D2EFECF0120007015D
:10DA40004F51D8B426EFEDF028EFEDF03AEFEDF0BE
:10DA5000C70E0501AD6FFD0EAE6F4FC7AFF5B06BD2
:10DA600091C6B1F5B26BECECFAF006018B698C69EA
:10DA700074EFEDF0380E0601626F140E636F51C73C
:10DA80008DF652C78EF653C78FF654C790F6090E1F
:10DA9000D8908D378E378F379037E82E48EFEDF0DE
:10DAA0008DC664F68EC665F68FC666F690C667F6B6
:10DAB000D7EC8EF00601916F9151D8B462EFEDF082
:10DAC00064EFEDF070EFEDF0B10E0501AD6FFD0EFE
:10DAD000AE6F91C6AFF5B06BECECFAF035EFEDF050
:10DAE000000E8C6F000E8B6F1200000E04140C6E73
:10DAF000000E05140D6E800E06140E6E7F0E0714B8
:10DB00000F6E0C500D100E100F10D8A48AEFEDF010
:10DB10008CEFEDF094EFEDF0000E046E000E056E4C
:10DB2000000E066E000E076E000E08140C6E000E3E
:10DB300009140D6E800E0A140E6E7F0E0B140F6EFC
:10DB40000C500D100E100F10D8A4A9EFEDF0ABEF94
:10DB5000EDF0B3EFEDF0000E086E000E096E000E52
:10DB60000A6E000E0B6E085004180FE109500518DC
:10DB70000CE10A50061809E10B500718D8B4C3EF9E
:10DB8000EDF0C5EFEDF0C8EFEDF0D890C9EFEDF096
:10DB9000D8801200000E0501BE6F000EBD6F65EC4F
:10DBA000F6F00009D8B4D7EFEDF0D9EFEDF0E2EFE1
:10DBB000EDF03D0E0501AD6FFD0EAE6FECECFAF031
:10DBC00018EFEEF0420E0501AD6FFE0EAE6FECECFD
:10DBD000FAF0BF0E046E050E056ED00ECEECF5F019
:10DBE000020AD8A4F6EFEDF0F8EFEDF001EFEEF059
:10DBF000AD0E0501AD6FFE0EAE6FECECFAF018EF56
:10DC0000EEF0840E0501AD6FFF0EAE6FECECFAF096
:10DC100074ECF9F02A502B10D8A411EFEEF013EFAA
:10DC2000EEF018EFEEF0000E0501BE6F010EBD6FB5
:10DC3000BDC5BBF5BEC5BCF5120007016B9FA19E1B
:10DC40006B5170ECFBF00701776F6C5170ECFBF0DF
:10DC50000701746F6D5170ECFBF00701756F6F5128
:10DC600070ECFBF0236E2350266E276A070170517B
:10DC700070ECFBF0236E2350246E256A070171516E
:10DC800070ECFBF0236E2350286E296A295009E1BD
:10DC9000500E285CD8A04FEFEEF051EFEEF057EFAA
:10DCA000EEF06C0E2826070E29225BEFEEF0D00E68
:10DCB0002826070E292228C515F529C516F524C5DD
:10DCC00017F525C518F526C519F527C51AF518EC59
:10DCD000E8F015C572F716C573F7A18E120005019D
:10DCE000BE6F010E0501BF6F87EFEEF0BF6B9EEFB9
:10DCF000EEF0130EAD6FF80EAE6FBEC5AFF5B06BA4
:10DD0000BBC5B1F5B26BECECFAF09EEFEEF0BB5197
:10DD1000000AD8B476EFEEF0010AD8B479EFEEF04D
:10DD2000030AD8B479EFEEF0010AD8B479EFEEF037
:10DD3000070AD8B479EFEEF079EFEEF007011E5143
:10DD40001F11D8B4A6EFEEF0A8EFEEF0BEEFEEF0A4
:10DD5000940E0501AD6FF60EAE6FBEC5AFF5B06B9C
:10DD6000BBC5B1F5B26BBCC5B3F5BDC5B4F5B56BFC
:10DD7000B66BBFC5B7F5B86BECECFAF00501BF5157
:10DD80001200000E0C6E000E0D6E000E0E6E000ED8
:10DD90000F6E085009100A100B10D8B4D2EFEEF035
:10DDA000D4EFEEF00AEFEFF0010E106EDEEFEEF0C2
:10DDB000D890083609360A360B36102A0BAEE3EF38
:10DDC000EEF0E5EFEEF0D8EFEEF0D8900C360D3631
:10DDD0000E360F360850045C095005580A50065894
:10DDE0000B500758D8A0F7EFEEF0F9EFEEF002EF86
:10DDF000EFF00850045E0950055A0A50065A0B50BD
:10DE0000075A0C80D8900B320A3209320832102E91
:10DE1000E5EFEEF00CC504F50DC505F50EC506F5EC
:06DE20000FC507F512001A
:10DE2800C7C203F50601FF51D8B41DEFEFF01FEF8D
:10DE3800EFF043EFEFF0110E07013019D8A427EFE8
:10DE4800EFF029EFEFF043EFEFF0110E0318D8A42D
:10DE580030EFEFF032EFEFF043EFEFF0010E2F6FFE
:10DE6800000E2D6F000E2C6F000E2B6F000E2A6F08
:10DE7800000E296F000E286F306B65EFEFF003C5B9
:10DE880030F70701295107E1800E285DD8B04FEF20
:10DE9800EFF051EFEFF065EFEFF0000E2C25D96EA3
:10DEA800090E2D21DA6E03C5DFF4010E2C25016E53
:10DEB800000E2D21026E7F0E01142C6F2D6B284B46
:10DEC800292B11005CA06BEFEFF06DEFEFF077EF0F
:10DED800EFF017C50EF518C50FF515C510F516C5E1
:10DEE80011F552ECF9F01ABE7EEFEFF07CEFEFF08F
:10DEF80082EFEFF0000E1A6E000E196E000E1D6E06
:10DF0800000E1C6E94EFEFF0000E066E200E056EEC
:10DF180015C507F516C508F5EBECEAF01C4A1D2AED
:10DF280019501C5C1D50800A1B6E1A50800A1B5821
:10DF3800D8A0A1EFEFF0A3EFEFF088EFEFF05CB01F
:10DF4800A8EFEFF0AAEFEFF0B4EFEFF017C50EF57A
:10DF580018C50FF515C510F516C511F552ECF9F0F1
:10DF68001200066E1F0EF66EF60EF76E000EF86EB5
:10DF78000900F550065CD8A0C4EFEFF0C6EFEFF04B
:10DF8800FEEFEFF0200EF66EF60EF76E000EF86E4E
:10DF980006500900F55CD8A0D4EFEFF0D6EFEFF00B
:10DFA800DCEFEFF0000E056E010E046E02EFF0F0EC
:10DFB800210EF66EF60EF76E000EF86E0900F5509B
:10DFC800065CD8A0EAEFEFF0ECEFEFF0FEEFEFF031
:10DFD800220EF66EF60EF76E000EF86E0650090069
:10DFE800F55CD8A0FAEFEFF0FCEFEFF0FEEFEFF002
:10DFF800D6EFEFF0000E056E000E046E12007C0ED8
:10E0080007017E6F180E7F6F7EC7ADF57FC7AEF52F
:10E018002B0E0501AF6FFF0EB06F090E07017C25AF
:10E028000501B16F000E07017D210501B26F49ECB2
:10E03800F8F0380E0601AF6F140EB06F7EC7B1F658
:10E048007FC7B2F6030EB36FDEEC92F00009D8A4D6
:10E0580030EFF0F032EFF0F04AEFF0F0190E050172
:10E06800AD6FFB0EAE6F090E07017C250501AF6F82
:10E07800000E07017D210501B06FECECFAF0000EEF
:10E0880007017D6F000E7C6F4FEFF0F0FF0E070168
:10E098007D6FFC0E7C6F1200A7900650076E086A11
:10E0A80007500701285D08502959D8A05EEFF0F005
:10E0B80060EFF0F065EFF0F006C50BF50C6A69EF5C
:10E0C800F0F028C70BF529C70CF50BC509F50CC5E9
:10E0D8000AF58AEFF0F0000E2A25D96E090E2B21D9
:10E0E800DA6E04C5E1F405C5E2F4DFC4E7F4044AD6
:10E0F800052A010E2A25076E000E2B21086E7F0EB9
:10E1080007142A6F2B6B2807D8A029070B06D8A05D
:10E118000C060B2806E10C28D8A495EFF0F097EF31
:10E12800F0F06FEFF0F0A78009C504F50AC505F512
:10E1380012005A0EF66EF70EF76E010EF86E02EE2A
:10E1480078F010EE14F00900F5C4EEF4E550E15053
:10E15800FAE1FC0EF66EF60EF76E010EF86E01EEA1
:10E16800D9F310EE18F00900F5C4EEF4E550E150CB
:10E17800FAE102EE80F114EEFCF0EE6AE550E150AF
:10E18800FCE1E250FAE102EE00F1800EEE6AE806E8
:10E19800FDE102EE00F0780EEE6AE806FDE101EE20
:10E1A80000F37C0EEE6AE806FDE10601FF6B5C6A8F
:10E1B8005B6A5A6A0401080E5D6F000E5E6F000EFE
:10E1C8005F6F000126EFB2F0086E0968DBECFBF028
:10E1D80002019699949D0850FE0B8F6F05288D6F4C
:10E1E80004C58CF2948B5EECFAF00009D8A4FFEF1A
:10E1F800F0F001EFF1F029EFF1F0096A21EFF1F009
:10E2080099AB09EFF1F00BEFF1F021EFF1F006C552
:10E21800D9F407C5DAF4DF508C6F064A072A092AB1
:10E228005EECFAF00009D8B41CEFF1F01EEFF1F043
:10E2380021EFF1F0096829EFF1F002019AAF27EF19
:10E24800F1F029EFF1F004EFF1F0020198BB2FEFA4
:0EE25800F1F031EFF1F029EFF1F00950120072
:10E26800B19E07012E2B640E2E19D8A43EEFF1F0B3
:10E2780040EFF1F065EFF1F02E6B772B3C0E77193C
:10E28800D8A449EFF1F04BEFF1F064EFF1F0776BC0
:10E29800742B3C0E7419D8A454EFF1F056EFF1F03A
:10E2A80064EFF1F0746B752B180E7519D8A45FEF35
:10E2B800F1F061EFF1F064EFF1F0756B724B732BD5
:10E2C800766B0601FF51D8B46CEFF1F06EEFF1F008
:10E2D8007EEFF1F00001D4B574EFF1F076EFF1F0D4
:10E2E8007EEFF1F0D0A47BEFF1F07DEFF1F07EEF5F
:10E2F800F1F0C08C110006C50CF507C50DF50850E6
:10E308000910D8A48AEFF1F08CEFF1F08EEFF1F05C
:10E31800C8EFF1F009500001836F08C582F00CC501
:10E32800D9F40DC5DAF4DF50816F0C4A0D2A000EBE
:10E338000B6E010E0A6EB4EFF1F00CC5D9F40DC5E1
:10E34800DAF4DF50816F0C4A0D2AB1A0AEEFF1F07C
:10E35800B0EFF1F0A9EFF1F0000180510A4A0B2A61
:10E3680008500A5C09500B58D8A0BDEFF1F0BFEF78
:10E37800F1F0A1EFF1F0B1A0C4EFF1F0C6EFF1F0C8
:10E38800BFEFF1F000018051120072ECF4F00401CB
:10E398000B910B930B95000E436F000E446F050E07
:10E3A800456F476B4691468B468F3F0E0201066FBD
:10E3B800010ED56FA00ED46FD189D18BC68E070EF2
:10E3C800766FBE8CC69C260E076FD28F890E03010E
:10E3D8001A6FA10E1B6F0001B38B03011969186B2B
:10E3E800030E0201616F110E666F020E0001D56FF8
:10E3F800050ED86FD96B350EDA6F7F0EDB6F010E05
:10E40800DC6F080EDD6FDE6B200EDF6FD76B850EBD
:10E41800D66FE8ECFBF0F7ECF7F01200000E0701FE
:10E42800276F000E266F27BF23EFF2F0275109E16F
:10E43800140E265DD8A023EFF2F025EFF2F02EEFB0
:10E44800F2F0E90E0501AD6FFE0EAE6FECECFAF0DE
:10E458002CEFF2F0000E0501C46F000EC36F000E22
:10E46800C66F020EC56F000EC86F640EC76F0BEC47
:10E47800A3F00501C351C411D8A445EFF2F047EF4A
:10E48800F2F049EFF2F05AEFF2F0110E0501D46FF5
:10E498003C0ED36FCB0EE82EFED7D32FFCD7D42F4C
:10E4A800FAD70701264B272B17EFF2F0120055C7B2
:10E4B80032F556C733F557C734F558C735F532C561
:10E4C80004F533C505F534C506F535C507F52A0E37
:10E4D800086E050E096E4EC70AF50B6A0EECECF0D5
:10E4E80030C56BF72FC56CF72EC56DF72DC56FF7C7
:10E4F8002CC570F72BC571F71DECEEF00701245100
:10E508002511D8B48AEFF2F08CEFF2F0A2EFF2F016
:10E51800000E046E070E056E6B0E066E070E076E74
:10E52800D00EE8ECF0F0FF0AD8A49DEFF2F09FEFD0
:10E53800F2F0A2EFF2F0010EA3EFF2F0000E1200DB
:10E54800066E000E096E000E086E06C508F5076A0D
:10E5580009500F0B046E056A030E0426000E0522EF
:10E5680005BEC0EFF2F0055009E1080E045CD8A022
:10E57800C0EFF2F0C2EFF2F0C4EFF2F0030E09269A
:10E588000950F00B046E056A300E0426000E0522B1
:10E5980005BED8EFF2F0055009E1800E045CD8A062
:10E5A800D8EFF2F0DAEFF2F0DCEFF2F0300E0926F5
:10E5B800D89008360936072A070E0764E6EFF2F006
:10E5C800E8EFF2F0ACEFF2F009501200000E0E6E18
:10E5D800000E0D6E030E09140B6E000E0A140C6E5D
:10E5E8000B500C10D8A4FBEFF2F0FDEFF2F014EF93
:10E5F800F3F009C504F50AC505F5000E076E640EAB
:10E60800066E33ECF6F004500510D8B40EEFF3F0B4
:10E6180010EFF3F014EFF3F0000E0E6E010E0D6E16
:10E6280009C504F50AC505F5010E076E900E066EBC
:10E6380033ECF6F004500510D8A425EFF3F027EFDB
:10E64800F3F02BEFF3F0000E0E6E010E0D6E0DC5FC
:10E6580009F50EC50AF512000501BB6F0501BB518E
:10E66800D8B439EFF3F03BEFF3F04FEFF3F00701D5
:10E678001E511F11D8B443EFF3F045EFF3F04CEF00
:10E68800F3F0550E0501AD6FFD0EAE6FECECFAF030
:10E69800020E71EFF3F00701D9290AE1DA2908E13E
:10E6A800DB2906E1DC29D8A45CEFF3F05EEFF3F098
:10E6B80070EFF3F01E511F11D8B465EFF3F067EF58
:10E6C800F3F04CEFF3F0680E0501AD6FFE0EAE6F80
:10E6D800ECECFAF04CEFF3F0000E1200D8C5BBF5E5
:10E6E800D9C5BCF5DAC5BDF5DBC5BEF5DCC5BFF5DA
:10E6F800DDC5C0F500ECDAF00501E26BDAC5DEF540
:10E70800DBC5DFF5000EE16F000EE06F96EFF3F06A
:10E71800DEC5D9F4DFC5DAF4DF50E227DE4BDF2BA4
:10E72800E04BE12BDC51E05DDD51E159D8A09FEFD2
:10E73800F3F0A1EFF3F08CEFF3F00D0EAD6FFD0EDB
:10E74800AE6FD8C5AFF5D9C5B0F58F0EB16FFC0E59
:10E75800B26FE2C5B3F5B46BECECFAF012000C6AD8
:10E7680004C50DF505C50EF506500D24086E0750B5
:10E778000E20096EE7EFF3F00DC5D9F40EC5DAF4F3
:10E78800DF500C1A0D4A0E2A000E0B6E000E0A6E90
:10E798000CAED1EFF3F0D3EFF3F0D5EFF3F0890E31
:10E7A8000C1AD8900C360A4A0B2A0BBEE5EFF3F088
:10E7B8000B5009E1080E0A5CD8A0E5EFF3F0E7EF8B
:10E7C800F3F0CCEFF3F008500D5C09500E58D8A0C8
:10E7D800F0EFF3F0F2EFF3F0C0EFF3F00C501200AB
:10E7E8001A0E0D24046E000E0E20056E42ECFAF08F
:10E7F80004C513F505C514F5156A166A0BC5D9F4D1
:10E808000CC5DAF4030EDE18D8A40DEFF4F00FEF00
:10E81800F4F02BEFF4F0140E0D24046E000E0E200D
:10E82800056E42ECFAF004500F6E0550106E116A36
:10E83800126A10C512F50FC511F5106A0F6A0F504C
:10E84800131210501412115015121250161213C52B
:10E858000BF514C50CF515C50DF516C50EF512000A
:10E86800336E06C734F507C735F52FC538F530C5FB
:10E8780039F52BC51BF52CC51CF52DC51DF52EC569
:10E888001EF538C51FF539C520F5335069ECECF095
:10E898001BC536F51CC537F536503710D8B457EFB9
:10E8A800F4F059EFF4F05DEFF4F0C3ECFAF071EF27
:10E8B800F4F034C504F535C505F5010E3824066EA7
:10E8C800000E3920076EFF0E3124086EFF0E32202D
:10E8D800096E12ECBBF0C3ECFAF01200080E00014E
:10E8E800B16F0401006B086B106B186B20912093BB
:10E8F80020952191C290CA900189BE88C69811912D
:10E90800C090C8902195C294CA940969BF6AC76A21
:10E918001969C16AC96A119BC09AC89A119DC09C9D
:10E92800C89C0191BE90C6900193BE92C692019573
:10E93800BE94C6940197C6861183C082C89221836B
:10E94800C282CA921185C884118FC08EC89E019B4D
:10E95800BE8AC69A120007012E6B400E736FCC0E4A
:10E96800726F746B756B776B766B72C70FF573C7C5
:10E9780010F5210E116E050E126E230E136E050E84
:10E98800146E250E156E050E166E26ECDFF00701C7
:10E998007751A4ECF2F007016B6F7451A4ECF2F01C
:10E9A80007016C6F7551A4ECF2F007016D6F2550EB
:10E9B800A4ECF2F007016F6F2350A4ECF2F007010A
:10E9C800706F2150A4ECF2F00701716F1200F1EFA3
:10E9D800F4F0044A052A064A072A04C5D9F405C5ED
:10E9E800DAF4DF50086E06C5F6F407C5F7F4000E32
:10E9F800F86E0800F5500818D8A405EFF5F007EFF1
:10EA0800F5F013EFF5F004C5D9F405C5DAF4DF50D5
:10EA1800D8A411EFF5F013EFF5F0EDEFF4F004C51D
:10EA2800D9F405C5DAF4DF50086E06C5F6F407C553
:10EA3800F7F4000EF86E0800F550085C046E056ADD
:10EA4800D8A005061200000E0B6E000E0A6E000E0E
:10EA58000D6E000E0C6E49EFF5F0D8900C34F66E82
:10EA68000D34F76E070EF626F60EF722F86A000E3A
:10EA7800F8220900F5C408F50900F5C409F508509D
:10EA88000A2609500B220C4A0D2AFF0E0424086E90
:10EA9800FF0E0520096E08500C5C09500D58D8A0CF
:10EAA80058EFF5F05AEFF5F031EFF5F006500A2679
:10EAB80007500B220AC504F50BC505F5120004C55D
:10EAC800D9F405C5DAF406C5DFF4044A052A07C5F2
:10EAD80006F508C507F509C508F5096A04C5D9F496
:10EAE80005C5DAF406C5DFF4044A052A07C506F5A4
:10EAF80008C507F509C508F5096A04C5D9F405C5A7
:10EB0800DAF406C5DFF4044A052A07C506F508C580
:10EB180007F509C508F5096A04C5D9F405C5DAF485
:10EB280006C5DFF4044A052A1200000E0C6E000E1A
:10EB38000D6E000E0E6E000E0F6E04A0A6EFF5F01F
:10EB4800A8EFF5F0B0EFF5F008500C2609500D22AB
:10EB58000A500E220B500F22D890083609360A3672
:10EB68000B36D890073206320532043204500510AD
:10EB780006100710D8A4C3EFF5F0C5EFF5F0A1EF24
:10EB8800F5F00CC504F50DC505F50EC506F50FC560
:10EB980007F51200066EDBECFBF002019699949DD6
:10EBA800065001098F6F010E8D6F948B5EECFAF0A1
:10EBB8000009D8B4E2EFF5F0E4EFF5F0E8EFF5F08E
:10EBC800020E076EF7EFF5F0020199A1EEEFF5F0EE
:10EBD800F0EFF5F0E8EFF5F004C5D9F405C5DAF47F
:10EBE8008BC2DFF4076A020198BBFDEFF5F0FFEF77
:10EBF800F5F0F7EFF5F00750120072C70FF573C77D
:10EC080010F5210E116E050E126E230E136E050EF1
:10EC1800146E250E156E050E166E26ECDFF0070134
:10EC28007751A4ECF2F007016B6F7451A4ECF2F089
:10EC380007016C6F7551A4ECF2F007016D6F255058
:10EC4800A4ECF2F007016F6F2350A4ECF2F0070177
:10EC5800706F2150A4ECF2F00701716F120006509A
:10EC68000710D8B43AEFF6F03CEFF6F060EFF6F0A4
:10EC7800010E086E44EFF6F0D89006360736082ADB
:10EC880007AE49EFF6F04BEFF6F040EFF6F006501E
:10EC9800045C07500558D8A054EFF6F056EFF6F08C
:10ECA8005AEFF6F00650045E0750055AD89007321E
:10ECB8000632082E4BEFF6F004C504F505C505F538
:10ECC800120073EFF6F0090E056E1E0E046EE40EC8
:10ECD800E82EFED7042EFCD7052EFAD700D0D0A6F2
:10ECE80078EFF6F07AEFF6F067EFF6F0D0A87FEF5E
:10ECF800F6F081EFF6F067EFF6F0D0A686EFF6F0C3
:10ED080088EFF6F08FEFF6F0D0B88DEFF6F08FEFD2
:10ED1800F6F092EFF6F0010E93EFF6F0000E120007
:10ED280014680EC504F50FC505F5CDECF7F0000E17
:10ED3800136E000E126EB1EFF6F00EC504F50FC596
:10ED480005F5140E066E050E076E000E096E010E0F
:10ED5800086E7FECF1F0124A132A1050125C115021
:10ED68001358D8A0BAEFF6F0BCEFF6F0A1EFF6F022
:10ED78000EC504F50FC505F594ECF9F01200000175
:10ED8800D4A5C9EFF6F0CBEFF6F0E3EFF6F0B7EC69
:10ED9800FBF096ECFBF002D8DDEFF6F00500FA6E1A
:10EDA80007011751FD6E1851FE6E1951FF6EFA508A
:10EDB8001200D2ECFBF0E8ECFBF0C0ECFBF0070132
:10EDC8002F51D8B4EAEFF6F0ECEFF6F0C3EFF6F017
:10EDD800C08A2F6BC3EFF6F0120004C5F6F405C520
:10EDE800F7F4000EF86E0800F5500618D8A4FFEFE7
:10EDF800F6F001EFF7F007EFF7F004C504F505C5E5
:10EE080005F51DEFF7F004C5F6F405C5F7F4044A57
:10EE1800052A000EF86E0800F5500009D8A417EF6F
:10EE2800F7F019EFF7F0F1EFF6F0000E046E000EB0
:10EE3800056E1200000E126E000E116E070E146E93
:10EE4800BC0E136E3BEFF7F013C509F514C50AF5B0
:10EE5800EAECF2F009500A10D8B435EFF7F037EFC2
:10EE6800F7F039EFF7F0114A122A134A142A13500F
:10EE78000F5C14501058D8B044EFF7F046EFF7F095
:10EE880028EFF7F011C50FF512C510F512002FC6BF
:10EE980024F630C625F691ECC4F00601336F3351E1
:10EEA800D8A459EFF7F05BEFF7F076EFF7F02FC63D
:10EEB800BCF530C6BDF5310E0501BE6F060EBF6F3D
:10EEC80071ECE3F00601336F3351D8A46EEFF7F01D
:10EED80070EFF7F076EFF7F02FC6D9F430C6DAF412
:10EEE800DE6ADD6A1200A7C5ABF5A8C5ACF58CEFE4
:10EEF800F7F0A5C593F5A6C594F5AB0E0501956F7A
:10EF0800050E966FA9C597F5AAC598F52EEC9AF047
:10EF1800ABC5F6F4ACC5F7F4000EF86E0800F55072
:10EF28000009D8A49AEFF7F09CEFF7F07DEFF7F01F
:10EF3800000E0501A66F000EA56F120007BEA7EF11
:10EF4800F7F0A9EFF7F0B3EFF7F004C504F505C53E
:10EF580005F506C506F507C507F5CCEFF7F004C5B6
:10EF680008F505C509F506C50AF507C50BF5081E18
:10EF7800091E0A1E0B1E082A000E09220A220B224D
:10EF880008C504F509C505F50AC506F50BC507F555
:10EF9800120004C506F505C507F520EE02F0065077
:10EFA800D9260750DA22DF50D8A4DDEFF7F0DFEFDB
:10EFB800F7F0EFEFF7F0310E02010A6F320E096F2A
:10EFC80020EE03F00650D9260750DA22C7C4DFF432
:10EFD800C790C792C78420EE02F00650D926075082
:10EFE800DA22DF2A12005D0E0501AD6FF60EAE6F54
:10EFF800ECECFAF0F40E0501AD6FFC0EAE6FECEC24
:10F00800FAF0110E0501BC6F3C0EBB6FCB0EE82E5B
:10F01800FED7BB2FFCD7BC2FFAD7DB0E0501AD6F8F
:10F02800FC0EAE6FECECFAF05D0E0501AD6FF60E5E
:10F03800AE6FECECFAF01200080E0601AF6F120E7C
:10F04800B06FE00EB16FFF0EB26F010EB36F70ECD0
:10F05800E4F00009D8B433EFF8F035EFF8F043EFF7
:10F06800F8F0DA0E0501AD6FFB0EAE6FECECFAF0BE
:10F07800FF0E0601BC6FFE0EBB6F48EFF8F0000EE6
:10F088000601BC6F000EBB6F1200B10E0501B56F13
:10F09800050EB66FADC5B7F5AEC5B8F5000EBA6FBB
:10F0A800000EB96F000EC16F000EC06FB70EA56FCE
:10F0B800050EA66FAFC5A7F5B0C5A8F5B50EA96F23
:10F0C800050EAA6F77ECF7F00501B951AD25D96E99
:10F0D800BA51AE21DA6EDF6A12000701606B030EC7
:10F0E800616579EFF8F07BEFF8F07FEFF8F00468EE
:10F0F800056898EFF8F06151040D780EF324D96E85
:10F10800080EF420DA6E6551DE5C6651DE58D8B020
:10F1180090EFF8F092EFF8F094EFF8F07BEFF8F05A
:10F12800000E056E000E046E120006C50DF507C52B
:10F138000EF504C50BF505C50CF5B3EFF8F00DC5D4
:10F14800D9F40EC5DAF4DF500A6E0D4A0E2A0BC543
:10F15800D9F40CC5DAF40AC5DFF40B4A0C2A080600
:10F16800D8A00906082806E10928D8A4BEEFF8F0B7
:10F17800C0EFF8F0A3EFF8F012001A0E0A24046E9C
:10F18800000E0B20056E0CC506F50DC507F5D8EC6D
:10F19800FAF008C5D9F409C5DAF4030EDE18D8A4C4
:10F1A800D8EFF8F0DAEFF8F0E6EFF8F0140E0A24EA
:10F1B800046E000E0B20056E0EC506F50FC507F58B
:10F1C800D8ECFAF01200070128512911D8B4EFEF52
:10F1D800F8F0F1EFF8F0E7EFF8F0D69E000E2A25E8
:10F1E800D96E090E2B21DA6EDF50086E010E2A2522
:10F1F800066E000E2B21076E7F0E06142A6F2B6BEE
:10F208002807D8A02907D68E08C504F5056A120074
:10F21800000E2F1A000E301A000E311A800E321A04
:10F228002BC504F52CC505F52DC506F52EC507F526
:10F238002FC508F530C509F531C50AF532C50BF5F6
:10F2480068ECA5F004C52BF505C52CF506C52DF50C
:10F2580007C52EF51200176E06C718F507C719F56A
:10F2680018C512F519C513F511ECFBF01A6E1750F5
:10F278001A18D8A442EFF9F044EFF9F050EFF9F07A
:10F288001506D8A0160615501610D8A44EEFF9F09A
:10F2980050EFF9F034EFF9F01A501200000E146E26
:10F2A800000E136E63EFF9F012C505F5066A10C576
:10F2B80007F511C508F5EBECEAF0134A142A1350C8
:10F2C8000E24D96E14500F20DA6EDF50126E1250D1
:10F2D800D8A471EFF9F073EFF9F058EFF9F01200D4
:10F2E800000E046E070E056E6B0E066E070E076E97
:10F2F800D00E84ECE8F0FF0AD8A485EFF9F087EF88
:10F30800F9F08DEFF9F0000E2B6E010E2A6E93EFD7
:10F31800F9F01DECEEF0000E2B6E000E2A6E1200B6
:10F3280004C506F505C507F520EE02F00650D926F6
:10F338000750DA22DF06DF50D8A4A5EFF9F0A7EFCF
:10F34800F9F0B2EFF9F002010A6B096B20EE03F055
:10F358000650D9260750DA22DF50C76E120004C5BE
:10F3680008F505C509F506C5F6F407C5F7F4064A14
:10F37800072A000EF86E08C5D9F409C5DAF4084A58
:10F38800092A0800F5C4DFF4DF50D8A4CEEFF9F05D
:10F39800D0EFF9F0B7EFF9F012000001B38BC09885
:10F3A800C096C898C896040111891187380E0201C1
:10F3B800156F140E706F370E146F130E716F180ED1
:10F3C8000401126F010E0201866F010E876F00ECB7
:10F3D800FBF01200C7C5BCF5C8C5BDF5C90E0501CF
:10F3E800BE6F050EBF6F71ECE3F00501CB6FCB511B
:10F3F800D8A401EFFAF003EFFAF009EFFAF0C7C565
:10F40800D9F4C8C5DAF4DE6ADD6A120004C50AF563
:10F4180005C50BF518EFFAF00AC5D9F40BC5DAF4EF
:10F4280006C5DFF40A4A0B2A0806D8A009060828E8
:10F4380006E10928D8A423EFFAF025EFFAF010EF37
:10F44800FAF012000450051006100710D8B42FEF78
:10F45800FAF031EFFAF039EFFAF0000E041A000E64
:10F46800051A000E061A800E071A04C504F505C50C
:10F4780005F506C506F507C507F5120020EE01F0EB
:10F488000450D9260550DA22DF50066E0650096E60
:10F498000A6A04C5D9F405C5DAF4DF50066E0950C6
:10F4A800076E0650096E07C50AF509C504F50AC5B1
:10F4B80005F51200020195A964EFFAF066EFFAF07B
:10F4C8005EEFFAF095B96BEFFAF06DEFFAF066EFD0
:10F4D800FAF095AB72EFFAF074EFFAF078EFFAF011
:10F4E8009985FF0E79EFFAF0000E12000FBE7FEF3C
:10F4F800FAF081EFFAF087EFFAF00EC50EF50FC5B6
:10F508000FF593EFFAF00EC510F50FC511F5101EA3
:10F51800111E104A112A10C50EF511C50FF512005B
:10F52800D2ECFBF0550E0401596FAA0E596F599190
:10F53800080E5D6F000E5E6F000E5F6F550E596FFF
:10F54800AA0E596F5981E8ECFBF0C280CA801200FC
:10F5580004C506F505C507F520EE02F00650D926C4
:10F568000750DA22DF6A0001846B856B090E0201FD
:10F578006A6F0A0E6B6FC89E0001848F120006C75F
:10F5880015F507C716F515C508F516C509F533ECC1
:10F59800FBF015C50EF516C50FF5000E116E010E20
:10F5A800106E94ECF6F0120004C5D9F405C5DAF42F
:10F5B80006C5DFF4044A052A0750066E076A04C523
:10F5C800D9F405C5DAF406C5DFF4044A052A1200A1
:10F5D800AF0E0501B96F050EBA6F000EA56F000ECC
:10F5E800A66FADC5A7F5AEC5A8F5B90EA96F050EEE
:10F5F800AA6F77ECF7F01200020199859451F80B85
:10F608000409946F958F959DFC0E9617969B030E93
:10F618009C6F9B6B9A6B948F1200146812C504F54B
:10F6280013C505F5140E066E050E076E000E096E5D
:10F63800010E086E12ECBBF01450120008C504F558
:10F6480009C505F5CDECF7F008C504F509C505F5BC
:10F65800000E076E010E066E8AECFBF0120008C55C
:10F6680004F509C505F5000E076E000E066E8AEC56
:10F67800FBF008C504F509C505F594ECF9F012008E
:10F68800000E07012D6F000E2C6F000E2B6F000E61
:10F698002A6F000E296F000E286FA7801200046ED3
:10F6A800B7B259EFFBF05BEFFBF05EEFFBF0010E3A
:10F6B80061EFFBF004C5C9F2000E1200046E04509D
:10F6C800D8A469EFFBF06BEFFBF06EEFFBF0C09A8C
:10F6D8006FEFFBF0C09C1200066E06C504F50F0E16
:10F6E800041606380F0B0F0B0A0DF3500424056E91
:10F6F80005501200FFFFFFFF51FB7AFFB1FFB9FF72
:10F708005BFF70FF11FF1EFFA0FF78070650071070
:10F71800D8B491EFFBF094EFFBF0C08E95EFFBF0BF
:10F72800C09E1200C76AC96AC690C692C694C090A5
:10F73800C698C892BE88C082C2941200046EB7A24E
:10F74800A8EFFBF0AAEFFBF0A3EFFBF004C5C9F2AA
:10F75800120080000000800000008000000080008F
:10F76800000064400000C292D0B4BDEFFBF0BFEFD0
:10F77800FBF0B8EFFBF01200C282D0A4C6EFFBF09A
:10F78800C8EFFBF0C1EFFBF01200000E046E000E94
:10F79800056E210E066E000E076E1200C768C96856
:10F7A800C680C682C684C080C882C688120002018C
:10F7B800976B9A6B998512000701476B4D6B120086
:10F7C8000701596B5F6B12000001D785D7951200AE
:10F7D800010E0701486F1200010E07015A6F12004F
:02F7E80011000E
:020000040030CA
:080000008CFFFFF79FFFFFFFDB
:01000900FFF7
:00000001FF
